index,tweet,class
0,white right away has a very strong attack,2
1,this fact was basically looked over by black he didn't care about Queen takes p7 and so we captured a pawn white is a pawn up,2
2,white doesn't want to start to attack on one side and then just have black you know castle to the other side ,2
3,however black played rook to f7 now blocking the this attack,2
4,black could even try an aggressive immediate counter gambit,2
5,or black he has to keep in mind what is he going to be attacking this white King,2
6,black has some very strong central control so all in all it's a trade off couple of luck,2
7,started to play the most attacking game of the match,2
8,lack now brought his queen to d6 again it was being attacked so he did need to move it,2
9,opening up a discovered attack on the Queen pawn captures ,2
10,This move played by white will limit the development of black's pieces,2
11,black decided to take with his night here on d5 and white recaptured with his pawn,2
12,"Because of the move that White had just played, the position has become more than difficult for Black, who is facing a lost game",2
13,the Lolli attack system here with black hitting the knight,2
14,Rob joins the attack and here it would be very difficult to repel this Queen,2
15,The Fried Liver Attack is a great opening that allows White to steal Black's material and gain a material advantage over Black,2
16,black plays Queen to Bishop to f5 and he traps the Queen,2
17,not allowing d4 to come with a double attack but black still plays it here black should just play it safe,2
18,White has developed its pieces better than Black,2
19,Cheverny for example in the 1930s as black doesn't really engage in any of the central squares,2
20,The white queen is forcing the black king to retreat,2
21, if black first place a 6 then you can keep your dark square,2
22,"If Black does not defend itself against the strong threat from White's c pawn, Black might eventually lose its queen",2
23,This white bishop is badly positioned and is about to be captured by this black knight,2
24,now already black is threatening some ideas,2
25,Both the black knight and the black bishop are targeting and eyeing down on the f2 pawn for White,2
26,Black has taken many of White's material,2
27,start an attack on the king side,2
28,here comes the second pawn that white captures,2
29,This opening trap by white will force black to give up many of its pieces,2
30,The most deadly fork is the Royal Fork where a white or black knight forks a white or black king and a white or black queen at the same time,2
31,all white we'll still get plenty of attacking chances but black will get a less of a contract tacking chance,2
32,black actually captures the pawn then queen c3 comes with the threat of capturing the Queen with rook to a1 but also it pressures the g7 point the knight and Queen are both attacking it,2
33,black can't immediately go for some well analyzed defense but we can pretty much transpose into anything ,2
34,"Black played 13â¦ Bxa3, demolishing the pawn structure that defend the white king.",2
35,Black accepts the gambit played by White and allows White to assert its dominance in the center of the board after white plays pawn to d4,2
36,"White just made an aggresive move, which will likely cause Black to play more passively",2
37,f7 is the most vulnerable white square on the board  ,2
38,White looks to sacrifice his knight on f7 so that he can take initiative and start a great assault against the black king,2
39,White can force a checkmate on the Black king,2
40,White goes first and Black goes second ,2
41,"Playing as White, Fischer had fully loaded up Alekhine's gun on the a-file with Qa1",2
42,Alekhine's gun is a well-known piece configuration that is created when a player places their heavy pieces on the same file,2
43,G file will be a very nice attacking formation so we have a look B to e 8 now pressuring this paw,2
44,"In this example of a zugzwang, white has put black in a disadvantage since the only move that black can make is ke5",2
45,many players were black are trying to kill the fun of it,2
46,this will be much better for white but even if black doesn't want to go for this immediate a6 white doesn't have to go a 4 white,2
47, kind of prevent white from pushing efore and f4 ,2
48,"White to play and win: Barrientos Medina, Juan Carlos vs Fiorito, Francisco. XX Rio Grande Domingo Int 2020.",2
49,there is no defense against Queen G for checkmate and black can just waste a couple of moves by sacrificing pieces but it's first chance white gates,2
50, than e4 leaves a white with a lot more options and one thing I also you have to know if you're an only player that white can't go for the this d6,2
51,The Black Queen has been trapped and has no where to run ,2
52,vichy i mean putting in the the psychological work of what might yon the punjabi not be comfortable with today,2
53,"In this case, the Black king is going to be attacked by many of White's minor pieces",2
54,One thing which quenches or rather addresses the aggression of white and makes blacks game potentially aggressive is for black to do a counter gambit,2
55,The pin by the white bishop on the black king has put black in an uncomfortable situation,2
56,Black's king is wide open for White to repeatedly attack it for the rest of the match,2
57,the queen used to be one of the weakest pieces on the board,2
58,Playing this move maintains a large advantage for White over Black,2
59,The black bishop is blocked and impeded by friendly black pawns and therefore cannot move,2
60,The rook is pinning the knight to the black king,2
61,d2 simply gives a white more than enough compensation,2
62,Black wants to give up some material to get some development himself,2
63,the position becomes very difficult to play for black ,2
64,obviously white captures the rook the exchange that was sacrificed by black,2
65,Here black has a number of options,2
66,with the threat of f3 and after white pushes f3,2
67,"Whenever Carlsen plays as black, he loses the game to the player playing as white",2
68,some players go a 6 here but now after a 4 or white is actually what is actually better here ,2
69, immediately because black and easily punished this would be five after we captured a point now f5 so attacking the knight that's defending the other night,2
70,didn't really care whether he played with the white or with the black pieces,2
71,if black doesn't play perfectly white can get that back,2
72,now isn't really doing anything black,2
73,you're under attack a white sacrifice material,2
74,so attacking this Queen forcing the Queen to move somewhere again all of his pieces are defended,2
75,black does have a bishop but White's knight on f5 is extremely strong you could either kick it away by weakening your position,2
76,"At this point, nothing can stop black from checkmating white",2
77,This light-square bishop has more value than that dark-square bishop,2
78,well best move for black would be something like King to d8 but what White would still prevail here,2
79,The King's Indian Defense is a solid Black defense against all White openings,2
80,this doesn't allow black to go night to h5,2
81,this position is already quite an advantage for white,2
82,Black wants to play that violent e5,2
83,black would have a very comfortable game so after Knight c5 we have a knight eat it before threatening a lot of very interesting ideas,2
84,the black doesn't really have any options,2
85,if white tries g3 or something then this Knight can move,2
86,it's going to be very difficult for white anytime soon to come over and attac,2
87,so after Queen to d7 black decided to play King captures on d6 d7 as well,2
88,The white king is threatening the black bishop to retreat,2
89,even a win with white is hardly possible but against such an Indian player like both unique you never,2
90,Queen can also join the attack it would be it would be just an excellent position for white,2
91,they really start to attack the white king on the King side,2
92,here against the White King,2
93,again attacking the Queen forcing her to move from this diagonal Bernstein,2
94,"By playing this opening for black, black will launch a strong counterattack against white's opening",2
95,"After White played that devastating move, Black has no choice but to resign ",2
96,white eventually is going to be sacrificing a pawn so that he can open up a huge attack against black ,2
97,you're gonna grab the exchange here and the white is completely winning now ,2
98,attack black continues weakening,2
99, b7 point is now under attack,2
100,Since black doesn't really see any threats here he plays rook the g8,2
101,threat of f5 is pretty dangerous if black is ever allowed to play G,2
102,white will definitely have compensation before for this exchange sacrifice if black decides to get rid of the center,2
103,you know instinctively White has the advantage just because they have that extra tempo in the game,2
104,f2 is the most vulnerable black square on the board ,2
105,there's a really big problem here it's hard to find the move for white,2
106,now tal considers this to be the most flexible variation for black as now if white ever decides to push d5,2
107,The squares in front of the white king are blocked by black pieces ,2
108,create a very nice victory but that only works if white immediately goes for this maneuver Knight,2
109,after black prevents this Queen at five you guard the GCM and pawn you would at least lose a pawn with Knight,2
110,The white pawn is continuously pushing the black bishop back ,2
111,there is no move for white whatever you play,2
112,white simply grabs the knight and black decided to defend with tempo ,2
113,Black is threatening Queen captures on f3,2
114,the hit-and-run tactic boils down to a moment where you capture an enemy piece and at the same time move your piece out,2
115,white rook capturing the black bishop is a devastating move,2
116,now c6 trying to undermine the center and of course the white captures then black,2
117,"Whenever Nakamura plays as white, he beats the player who is playing as black",2
118,was a better idea here for white,2
119,white has to proceed very carefully as black still has a lot of pieces and the queen is very close to the white king,2
120,he played knight captures on e for attacking the white queen now so he wants to trade queens,2
121,sla de sensee books were in the middle of a bloody desert,2
122,this warrior has no health how much would this arch and suture would kill that guy okay i um crap slinger's probably dead,2
123,we're not going to be able to actually kill this archer,2
124,I'm hoping over win system for tonight dances all over the dead bodies,2
125,the Genghis 27 keeps kicking my ass god damn it,2
126,no bigger alliance against nukes there is only Middle East,2
127,Sweden and China are at each other's throats.,2
128,I'm gonna attack you,2
129,we have met matthias that's another person to kill hello friend where are you at,2
130,get to expert marksman and take the city with the most damaged unit so it's in this into city center and nice and safe from an attack,2
131,looks like we'll have some neighbors they look friendly may I borrow some sugar please neighbor all you can burn my city down,2
132,i'm not giving him peace all right let's range to attack him and then here past our gayday,2
133,we can settle that city and then we can go and attack scotland i'm gonna move a little bit let the city-state get the first few attacks,2
134,we're just going to be line horsemen and uh yeah pretty much go and kill our closest neighbor,2
135,I wish to purge this world remove the people and leave the pachyderms,2
136,2569 was the first year people started dying in Venice,2
137,I'm laying waste to Baghdad's Arabia,2
138,maybe at some point they'll get an alliance get them to invade the Congo as well,2
139,i'm gonna have to gamble that we don't get attacked right away,2
140,trying to find another city-state somewhere near australia so we can use them to attack australia,2
141,it belongs to rome rebellion in 26 turns,2
142,it took one attack to kill my elephant,2
143,ancient walls right we should be able to attack this i'm going to be so pissed if that's not ancient walls,2
144,"Venice was turned into an irradiated pile of carbon, by Gandhi's first nuclear bomb. ",2
145,I can proudly say I'm finally rid of you,2
146,there's just a massive eyesore of all your smelly soldiers just like camping out,2
147,"Then... Gandhi [Nuclear proliferation] -Oh, I hate Gandhi.",2
148,I killed your great general i abducted him in an airship,2
149, he's going to attack the horsemen let's go civil service two sources,2
150,we already killed or are killing that one scout so hopefully we can kill three barbarians to boost this,2
151,Canada might have to kill you but at least they'll apologize for it,2
152,they just declared war,2
153,it's going to take a little more effort but we can still kill the city,2
154,oh I phone some dirty Germans,2
155,there's gonna be a rebellion soon,2
156,we'll keep attacking indonesia,2
157,I've taken all the original capitals but there's still some more conquering to do,2
158,let's begin attacking the city ,2
159,so let's just attack the warrior unit wait till this immortal comes in ,2
160,he just killed himself onto my warrior let's keep moving,2
161,I'm sending Spearman out to kill your missionaries right now,2
162,it's time to plan my attack on Paris I have four nukes that I didn't tell you about,2
163, the walls are absolutely insane ranged attack and the next turn will finish off the city,2
164,I found Mecca totally gonna invade that later,2
165,Katmandu are burning all of their horses what a bunch of [ __ ],2
166,I do like diplomacy with the barbarian tribes and the ability to pay them to attack another civ,2
167,this raid clan earned gold the outpost will remain attack,2
168,I can build like nukes I can do that if you want me to burn you,2
169,they kill the units but he's probably going to die next turn,2
170,oh Jesus Christ yeah they killed that guy hard,2
171,we either all die together or we all die separately,2
172,kill more gold with the capture of the city,2
173,I might as well get an artist killed,2
174,I'm gonna be like you know what I hate everyone everyone's okay kill you Alex,2
175,there's a lot of archers to kill,2
176,Genghis is gonna get a whole bunch of horses soon and probably invade,2
177,you killed my dude because he's red,2
178,Zanzibar attacked me so I was like quick peace ,2
179,the city state is dead so the encampment is dead so the scout should try to suicide onto me,2
180,let's see what they have to be up against oh it's a massacre oh it's horrible oh my god,2
181,there are some giant robots of death and of course it's Japan to build it first they are likely to take out this India,2
182,i feel like they can do some damage looking at the tech tree,2
183,what's a little genocide between friends,2
184,I'll make this city a puppet I won't kill everyone but now they all work for me,2
185,it's the 400th anniversary of our blood feud,2
186,it is much more likely to end up dying or becoming enslaved or something like that,2
187,"Nuclear weapons became common place, and the war became even more devastating",2
188,there's just too many people mostly because I'm not killing all of them,2
189,opposing civilizations receive double their awareness for fighting against gandhi,2
190,we'll attack a hokia next turn,2
191,the archer can attack you so you're actually gonna just back out here,2
192,saladin's over here hard to attack on the water which kind of sucks so it looks like we're gonna need to bring an army over here,2
193,D'awww. Wars can be such a great family bonding experience!,2
194,knock knock surprise you're dead let's do it who are you to oppose hammurabi,2
195,I then swarmed Medina as fast as I could and took it down within ten years,2
196,i have no doubt that we shall kill it it's just going to take us a minute,2
197,we're probably gonna need archers and legions before we attack him,2
198, begin the attack on roxborough,2
199,England is attacking Scotland we've got to see if they survive,2
200,yeah kill all the natives,2
201,I'm the supreme leader hard leading a country is hard and people are rioting,2
202,as for Africa I don't think any great power is gonna come from here,2
203,Gandhi murdered my family,2
204,stop massive Asian empires from reaching any further into Europe,2
205,you all the Greeks know I want Machu Picchu,2
206,I'm also simultaneously destroying the Siamese,2
207,I think this city is pretty much useless now,2
208,i want to get the kill with the slinger here but it takes two turns to move an attack,2
209,oh wow and India is dead too so both Indians have been killed again by Cynthia and Korea,2
210,i think you could kill him right right hokia really kind of screwed us over a little bit,2
211,i could keep this archer here and attack um these archers the problem with that though is then i'll get triple attacked now i could also i think i can just straight up kill this guy hmm then we can kill this guy here or at least severely injure him,2
212,he even grabbed this Chinese sieve which China's dead oh man,2
213,we've got Gandhi over here in the purple and then like sexy mythical Gandhi,2
214,George Washington was the first president and killed a bunch of people,2
215,Gonna stream some more CIV6 tonight w/ the sis.,2
216,can we kill him i think we can yeah ,2
217,you could just be a bold America and just steal something,2
218, they might get attacked by norway,2
219,it was a surprise attack and i'm i'm super happy that he declared war,2
220,your best man it tried so hard either killing my guys,2
221,now you're killing your own people,2
222,we got to start watching the Zulu though I mean they they've got a huge control over Africa,2
223,avoid burning to death in the hell you have just created ,2
224,I spent 990 years building an army to go to war with Mecca,2
225,we will begin the attack on whatever that city's name is nice,2
226,Montezuma declares war on me for no reason absolutely no reason it's just he just didn't like the way I looked apparently,2
227,we do want to kill three barbarians to get a boost,2
228,they are also at worth to Congo it's a big deal you kind of want to take them out early,2
229,then the three attacking the city have the siege tower boost,2
230,the city has been conquered its irradiated and rebelling,2
231,I see Poland mobilizing and they would attack naughty,2
232,we'll do the range attack thing one last time and i think the city should fall next turn,2
233,i might sneaky surprise war kill the settler or kill the slinger and take the settler for our own,2
234,they just out sourced it to some child labor sweatshop in East Asia,2
235,watch out for American Gandhi when he sees you have the oil to enter a blood list like a shark smelling blood Gandhi,2
236,all of these units can attack buddha,2
237, you can come here and attack one of the warriors,2
238,it's time for you to die Genghis Khan you will be my true opponent,2
239,i'm gonna kill the swordsman with the wall hit here,2
240,Kathmandu is being under attacked by barbarians,2
241,keep ranch attacking the city actually do a good amount of damage to the defenses,2
242,I'm also finally gonna take out France while I've got him exposed,2
243,where's the third one cm chinese communist,2
244,I'm hated by all of the people on this planet but they don't have enough giant death robots to stop me so haha,2
245,we'll hit next turn pretty pissed off vatican's probably gonna be my first victim,2
246,wow look at all that damage absolutely massive,2
247,Wow in the same year I also erased England from history two years later,2
248,we can use venice to attack china,2
249,oh Jesus Christ that was horrible that was a [ __ ] massacre all right,2
250,kill one of my warriors which kind of sucks but we should be in a better position this time,2
251,okay i think this guy's dead,2
252,what all right I killed a Bob man traditional Venetian yeah name yeah,2
253,we'll keep moving down south we'll take attack that encampment,2
254,kill them I swear to God you ungrateful fools I worked so hard for this country,2
255,we're probably gonna see a lot of deaths here it just it's just way too crowded,2
256,you're already getting rebellion pressure now you're gonna grow pretty quickly but that is interesting oh that's rude now i don't think i can kill you,2
257,i nuked you to the hardest and I'm sorry for that,2
258,I don't want to piss off people of Islam actually it's lamb scary,2
259,these guys will decide to attack me,2
260,he decided to attack the archer which he wasn't gonna kill nice,2
261,I bet a lot of people are attacking China right now,2
262,well that's awkward that is not the settling expected to see but Rome has gone into Africa,2
263,Raiders coming in and launching their nuclear warheads at our city,2
264,they're now attacking Korea not a bad idea because we saw China's dealing with a lot down here,2
265,Wow Hinduism is kind of crazy in Asia,2
266,let's move in there i will continue attacking ,2
267,now I get to watch daily being burned down to ashes by a million blood hungry Aztecs,2
268,all right you're trashing me,2
269,80 gold to prevent from attacking spend gold to encourage the clan to attack nearby civilization ,2
270,all the boosts we're getting and now we can begin our attack,2
271,millions of people are now being oppressed by foreign power,2
272,"Now again, probably best thing for black would be the castle here but he plays a Bishop to b6",2
273,"In the Calabrese Counter Gambit, White wants to quickly develop its light-squared bishop and dominate the board against Black",2
274,knight and Queen are both attacking it,2
275,Instead they often playing this fun killing move Knight f6,2
276,getting the knight out of this attack ,2
277,if white continues development,2
278, black is very happy so magnus just continues attacking with h5 now ,2
279,even though white is better here tall considers that under under time pressure there is no way to play this position with white,2
280,94 attacks the queen and after the Queen moves,2
281,"In this state, white has a stronger and more desirable position than black",2
282,It is very hard to find the defensive move for black in this position,2
283,b4 to offer white more chances,2
284,feeling oh my god what how is that a draw by repetition oh my god look who came in this room,2
285,"Well, black does have to defend this and also he has to figure out a way how to castle so he plays Queen to f6 preparing knight to e7",2
286,the Queen finally has to move it's best for blacks to just give up the night,2
287,white is improving his position by using a double attack on black,2
288,it can you know take this long diagonal and attack the Queen side of black,2
289,d5 black can't really go for any advantage with the d5 so he goes for tonight to seize the knight,2
290,coming with the threat of f3 winning the Queen very unpleasant position for black on the other hand ,2
291,"At this current state, white is more likely to win this game than black ",2
292,Black #chess team obliterated by #DanishGambit after major swap-down leaves all blackâs remaining pieces on their original squares!!,2
293,oh my god maxime tricked him holy crap oh my god here comes everyone yelling at dan,2
294,if black King will go to c6,2
295, material is equal but White's pawn structure is somewhat shattered and the black would definitely have an advantage in this game,2
296,black's being a bit greedy which is quite interesting with that f file is quite interesting with that f file,2
297,Almost all of Spassky's forces must defend the poor black pawn on d5,2
298,I wonder what white was planning against this move Queenie for Czech attacking the bishop,2
299,this will be much better for white but even if black doesn't want to go for this immediate a6 white doesn't have to go,2
300,it would be just an excellent position for white,2
301,what we see on the board is that white is a pawn up and White's King is still safe while black King cannot say the same,2
302,"""@Blackman38Tide: @WhaleLookyHere @HowdyDowdy11 queer"" gaywad",0
303,"""@CB_Baby24: @white_thunduh alsarabsss"" hes a beaner smh you can tell hes a mexican",0
304,"""@DevilGrimz: @VigxRArts you're fucking gay, blacklisted hoe"" Holding out for #TehGodClan anyway http://t.co/xUCcwoetmn",0
305,"""@MarkRoundtreeJr: LMFAOOOO I HATE BLACK PEOPLE https://t.co/RNvD2nLCDR"" This is why there's black people and niggers",0
306,"""@NoChillPaz: ""At least I'm not a nigger"" http://t.co/RGJa7CfoiT""

Lmfao",0
307,"""@NotoriousBM95: @_WhitePonyJr_ Ariza is a snake and a coward"" but at least he isn't a cripple like your hero Roach lmaoo",0
308,"""@RTNBA: Drakes new shoes that will be released by Nike/Jordan.... Yes, there's glitter on the shoes http://t.co/QCtPLxHEXM"" ....dudes a fag",0
309,"""@TheoMaxximus: #GerrysHalloweenParty http://t.co/3ycrSrnjHc"" Halloween was yesterday stupid nigger",0
310,"""@ashlingwilde: @ItsNotAdam is bored supposed to be cute, you faggot?"" Sometimes",0
311,"""@bigbootybishopp: @white_thunduh lassen cc , the coach wants me"" i feel it youll get more my nig no doubt",0
312,"""@jayswaggkillah: Jackies a retard #blondeproblems"" At least I can make a grilled cheese!",0
313,"""@jgabsss: Stacey Dash won &#128166; http://t.co/PDLG46rjOL"" baddest bitch evaaaa",0
314,"""Don't worry about the nigga you see, worry about the nigga you DON'T see... Dat's da nigga fuckin yo bitch.""",0
315,"""Hey go look at that video of the man that found the kidnapped girls in Ohio........what a nigger"" - #shitmybosssays",0
316,"""Let's kill cracker babies!"". WTF did I just hear???????? WOW.",0
317,"""My grandma used to call me a porch monkey all the time... Come to think of it she did refer to a broken bottle as a nigger knife"" &#128563;",0
318,"""Nah its You @NoMeek_JustMilz: &#128514;&#128514;&#128514;&#128514; yo i thought some1 photoshopped my face on that faggot smmfh...i hate yall"" http://t.co/5e2fkQ3Q2T",0
319,"""Our people"". Now is the time for the Aryan race 2 stand up and say ""no more"". Before the mongerls turn the world into a ghetto slum. 1488",0
320,"""These sour apple bitter bitches, I'm not fuckin wit em""",0
321,"""We hate niggers, we hate faggots and we hate spics""-kkk rally",0
322,"""We're out here, and we're queer!""
"" 2, 4, 6, hut! We like it in our butt!""",0
323,"""Who the fuck you callin jiggaboo, nigga?!""",0
324,"""Why people think gay marriage is okay is beyond me. Sorry I don't want my future son seeing 2 fags walking down the street holding hands an",0
325,"""You ain't gunna do shit spear chucker""",0
326,"""You ol trout mouth ass bitch"" 
DEEEEAAAADD",0
327,"""ayo i even kill handicapped and crippled bitches/look at my scalp real close and you'll see triple sixes""",0
328,"""fuck you you pussy ass hater go suck a dick and die quick"" - Someone, to me, in Youtube comments. I think we'd be good friends.",0
329,"""on my way to fuck your bitch in the name of The Lord"" - Mr. Race",0
330,"""poor whitey"" http://t.co/3UkKeyznz8",0
331,"#AZmonsoon lot of rain, too bad it wasn't enough to wash away the teabagger racist white trash in the state. #Tcot #teaparty #azflooding",0
332,#California is full of white trash,0
333,#California is full of white trash who moved from #Oklahoma,0
334,#DTLA is trash because of non-Europeans are allowed to live there.,0
335,#Dutch farmers are white trash.,0
336,#Dutch people who live outside of #NewYorkCity are all white trash.,0
337,#Iowa is full of white trash,0
338,#JesusChrist was STRAIGHT&gt; That's why the #faggots killed him. #PERIOD #SonOfGod&gt;,0
339,#Minnesota is full of white trash,0
340,#ReasonsWeCantBeTogether if u was talkin to my nig or smashed da homies,0
341,"#RebelScience ......is using an ACTUAL WOMAN as a genetic engineering lab for ""all natural clones""..... or something...... #faggot #rome",0
342,"#SlightlyAdjusted RT @CapoToHeaven Alls niggers wanna do is fuck, tweet, and drink pineapple soda all day",0
343,#SomethingIGetAlot Are you... asian? black? Hawaiian? gay? retarded? drunk?,0
344,#SouthCarolina is full of white trash,0
345,#ThingsIWillTeachMyChild how to play deez niggas n bitches dat be snakes,0
346,"#TrayvonMartin referred to Zimmerman as a ""creepy ass cracker"". Racist thug.",0
347,"#TweetLikePontiacHolmes&#160;
I do the Pontiac sprinkler...

Nigga nigga nigga nigga spic spic spic spic nigga nigga nigga nigga",0
348,"#VinitaHegwood can get a job at the naacp. Or as The AG. I hear they like ""diversity and tolerance"". As long as you ain't a cracker #tcot",0
349,#Virginia is full of white trash.,0
350,#WestVirginia is full of white trash.,0
351,"#faggots are MERELY a #scientific indicator that SOMETHING IS WRONG&gt; Do not celebrate as ""unique indiviuals"" for they are #cancer&gt;",0
352,#firefighter is a job for white trash,0
353,#milesthompson #goauche #wetback #ca http://t.co/g3Ze8bqLPG,0
354,&#128514; &#8220;@BossmobbE: Racist all month .. Fuck u honkey&#8221;,0
355,&#128514; RT @TheOnlyReed: LMFAO RT @Tone314: If you watching porn &amp; beating off &amp; yo homie text u &amp; it show his name in the banner you're a faggot,0
356,&#128514;&#128514; fucc nicca yu pose to be pullin up,0
357,"&#128514;&#128514;&#128514; i just said that RT @BoyThats_ARYAH: My TL gotta chill with this pretty face challenge foolishness, y'all hoes agg",0
358,&#128514;&#128514;&#128514;RT @kwagiheath: Them 1st 48 Charlotte goon niccas gon Fkkk around and burn Bank Of America stadium down&#128293;,0
359,&#128563; RT @KingHov1313: They recruited buku fags in here!&#128563;...a warehouse is no place for them!&#128530;,0
360,"&#193;lbum de fotos: gaywrites: In the Making, a project by and for queer students at Harvard, highlights the... http://t.co/XZQ9XmaQTf",0
361,&#8220;@AlexaDelsanter: This is awkward u fag @corleyhuff @vitchhhh http://t.co/HUDOhA6YQe&#8221; wonder who's awesome tank that is &#128522;,0
362,"&#8220;@BixxhMakeMeRich: If u ask me, every bitch gay&#8221;or ""bi""",0
363,"&#8220;@Crowdifornia: We agree... do you? http://t.co/4diz5NKYMN&#8221; FUCK YES, I DO! Send those illegal, wetbacks home!!!",0
364,"&#8220;@DickFurari: HELL YA THEY SHOULD MAKE MORE MALT LIQUOR ADS LIKE THIS. http://t.co/H0JGORtnF8&#8221;

- Dis be heaven fo a colored man",0
365,&#8220;@FreddieGibbs: Tea bag a bitch.&#8221; Pahahaha,0
366,"&#8220;@FunnyPicsDepot: ""fucking white people"" http://t.co/uyjGzuX4Cc&#8221; bitch wut?",0
367,"&#8220;@GlitteredInPink: @West305 you like 5'8, you needs to&#8221;....1. You a hoe. 2. i'm 5'10(breaking11) 3.suck my dick.",0
368,&#8220;@MILF_chronicles: Dudes shaving without it being for an athletic purpose is gay af&#8221; you're retarded.,0
369,"&#8220;@Maxwell_Larsen: When you live this gay, you can't be afraid of two black dicks in your butt"" you fucking queer",0
370,"&#8220;@MikeyPDaCav5: I love the song ""John Doe"" #dope&#8221; @MirandaWigley @edenbaby101 faggots",0
371,&#8220;@MoffettMM: Just got done with my last final and I'm walkin around campus like I own this place&#8221; queer.,0
372,&#8220;@My_Fish_Died: You dammn Weed potheads are annoying af on Twitter&#8221; weed and pot are the same thing faggot,0
373,&#8220;@NiHao_Rocky Who is she? RT @DrTruth247: Y'all hype that bread loaf chick up but I'm a chill&#8221; a dyke rapper,0
374,&#8220;@NiggaImTatted: Cowboys win games during the regular season but when they get to the playoffs that trash af lol&#8221; hating ass nigga,0
375,"&#8220;@NoChillPaz: White kids favorite activities
1. Calling people ""niggers"" on Xbox
2.fucking their pet
3. Shooting up their school&#8221;",0
376,"&#8220;@SimplyHype: @kobebryant shut the fuck up, you fucking trash nigga, work on another ring&#8221; http://t.co/6RleNKR7EE",0
377,"&#8220;@TP_Three: @WestSideFlee @KekePalmer damn they got wifey &#128561;&#128561;&#128534;&#128534;&#128555;&#128553;&#128553;&#128553;&#8221;

Fall back nigga &#128299;.. I don't share my hoes",0
378,&#8220;@_BitchBUH: Shoot that nigga and his shorty bitch &#128299;&#128514;&#8221; &#8252;&#65039;&#8252;&#65039;,0
379,&#8220;@_honeysays: My phone charging backwards &#128533;&#8221; retarded,0
380,&#8220;@alicia_688: You aint special niglet RT @Vice504fly: When I'm chilling wit Greg ppl walk up to me to ask me to take pics&#8221;hatin,0
381,&#8220;@boojieque: &#128514;&#128169;RT @WebbMadeThis: Lemme find out you niggaz letting bitches shit on yo faces&#8221; &#128557; niggas is weirdos,0
382,"&#8220;@dnumberbefore2: &#8220;@Vice504fly: @dnumberbefore2 u a regular nig, u played out b&#8221; lol ima b Ig famous&#8221;these days that counts for somethin",0
383,"&#8220;@iamkrause: No need to thank me, killing niggers is it's own reward.&#8221; 

Dis my pal from our graduation when we was 26",0
384,&#8220;@kaylendenise_: I hate that bitch &amp; the fact that oomf likes her.. just no &#128528;&#8221; retweeettt 1000x.,0
385,&#8220;@kitty_hello14: @Im_Yung_Jay &#127850;&#127850;&#127850;&#127850;&#127850; bitch ass nigga fuck you ! &#128079;&#128079;&#128079;&#128079;&#128079;&#128077;&#128077;&#128077;&#128077;&#128077;&#8221; &lt;= these hoes ain't got no manners #RealTalk,0
386,&#8220;@medaOriginBitch: That one friend who you greet with an insult.&#8221; @MorbidMermaid @EvanBecker513 niggers,0
387,"&#8220;@rocafella123 ""@waymoflydenu: If fleek in yo vocabulary you a faggot""&#8221;",0
388,&#8220;@spannerhead29: @VertrellCarter #faggot&#8221; #Respect,0
389,"&#8220;@thejanicexxx: o u unfollowed me so i can't dm u, so i'll say it here, you're a rude cunt lmao&#8221; you can dm me",0
390,&#8220;@ttevy_8: i want affection 24/7 but i also want to be left alone 24/7... do you see the issue here?&#8221;fag,0
391,&#8220;@waymoflydenu Why yall think its ok to be faggots?&#8221; and want us to be cool with them,0
392,&amp;when they say him they mean dyke Ron #wcw http://t.co/VV4DUMMe4A,0
393, Don't sleep on ma niggah CHood &#128076; @CharleyHood &#128175;&#128175;,0
394, Happppppy Birthdayyyy &#1041191;&#1041196;&#1043215; lol . Niggahs is really 21 in this bitch &#1043358;&#1041219; . http://t.co/YatU7pbsHX,0
395," If this ugly ass niggah can be with her , I can too . Tf she with Chuu Baka for anyways this niggah look like a... http://t.co/lVNDRDPpQT",0
396, This niggah pharrell or whatever this niggah name is don't deserve shit for that white ass gay song .,0
397,"Damn you, whitey!' You'll get a kick out of the 'newest form of white privilege' http://t.co/zLpFZsITOm",0
398,"*goes to olive garden*
*Turns into a cracker*
""@gIacier: *goes black friday shopping*

*turns into a nigger*""",0
399,",@KiroGx me gusta ""typing like a retard to make the other person look dumber by pretending to agree with them"" bazinga",0
400,------&gt;RT @Maxin_Betha @HumbltonBanks ankle socks in general are for the faggots bro,0
401,...aaaaaaaaand it begins. RT @RileydaKafka: Fucking niggers that's all Kentucky is and ever will be,0
402,"...you're white, aren't you? *rolls eyes* RT @DidntDoNuffin: @DreaaaLove RIP to my NIGGA Trayvon, a worthless spear chucker",0
403,2 beer queer,0
404,2 hoes 1 dyke,0
405,"4 old hoes, a ponk, and a dyke outchea having ""girl talk""",0
406,5000 white men in pick up trucks screaming nigger and my coach got the nerve to get mad I missed the free throw &#128514;&#128514;&#128514;,0
407,"8/16/14 MO @GovJayNixon let &#8220;kill some crackers, kill their babies"" New Black Panthers hijack his #Ferguson presser http://t.co/z2Wko9Ripz",0
408,@05proFESSOR I bet he's a Starbucks queer,0
409,@2014samanthaKay good enough fag,0
410,@AGreasyMonkey @Huntermoore faggot,0
411,@AlfieHeydrich but I live in the South. Lot more here. My pop lives in Rhode Island. Hardly no niggers there.,0
412,"@Alicia112794 So basically you like the background music, fag.",0
413,@AmericanWhiteHM I hate that nigger.,0
414,"@AmericanWhiteHM Those niggers disgust me. They should have dealt with 100 years ago, we wouldn't be having these problems now.",0
415,@AnUglyNigga this is retarded,0
416,@AndreBerto can't wait for more PEDS is that it? Roid munching faggot,0
417,@AndrewJBurns1 @Tommy_Russell_ homo ass crackers,0
418,@AnimeKing420 fight me 1 on 1 ur choice of game faggot see what happens,0
419,@Anony386 @TurnToLive @Tweenki_ they are wrong you are a nigger always causung mischief among ur own people,0
420,"@AnthonyCumia 
You be totally correct Anthony. Can&#8217;t be livin round dem colored folk. Day be bringin down da hood and dem propery value",0
421,"@AntonioFrench The ""You&#8217;re going 2have 2 KILL crackers &amp; their babies&#8221; New Black Panthers #CredibilityShot #FergusonRiot #Justice4MikeBrown",0
422,@Arbogucci guys not supposed to get their ass sucked queer,0
423,"@Aryanliving Welcome to the movement. Anyone who gets even minor publicity is a queer, fed, or jew (well, according to the internet).",0
424,@AtBlackface @MrMooncricket @UncleUnco @BobbyBotsods @FuckTheMallcops @RacistNegro69 ape? Fuck u broke ass racist,0
425,@AustinG1135 I do not like talking to you faggot and I did but in a nicely way fag,0
426,"@AustinG1135 answer my snapchat faggot 
#butthurt",0
427,@AyeFuckWoody @coryburgess87 do i literally eat asshole for a living? is that what i actually do faggot? You seem a little confused..,0
428,"@BGALLY17 so ur faggot teammate @BrandonPrust8 hits someone late like that and U say he's yapping and yelling, u guys def 69 in the room",0
429,@BarackObama @MarchForInnov send them damn beaners back where they belong n the US aint it,0
430,@Barbod6FCB @_cblaze @ODDBEAST cracker jack shut the fuck up,0
431,@BeyondTomcat you'd like that wouldn't you fag,0
432,@Bidenshairplugs He looks like a fag and his time line is boring Zzzzzz,0
433,@BillionaireCrow @Neelahrelates your what's wrong with the white race you fuckin coon slaying piece of poop please die alone,0
434,@Blackman38Tide lmfao go to bed whitey &#128129;,0
435,@BloggerBoxing @rianscalia pass the Fosters faggot,0
436,@BloggerBoxing yea....what did it do for Maidana? It made him a greedy faggot loser. Atleast Broner is black...,0
437,@BossAce555 @Sounds_good_bro @BloggerBoxing yea u stupid faggot. I'm not leaving till like 5-6pm. Want a ride?,0
438,@BossMelle never followed him ignorant monkey,0
439,@BraxCity29 @maria_obregon_g @sophia_freeman1 3/4 of a citizen. I said it for you maria you spic,0
440,@BreeOlson @Gingerbeard66 your a nasty nigger whore,0
441,@Brenddan_ they said some bullshit. Damn niggers,0
442,@Brenddan_ wow!!! Are you comin back up here? &#128514;&#128514;&#128514;&#128514; they some bitch niggas,0
443,@Briana_Rashae I'd like to rape the bitch that posted that.,0
444,"@Brice2254 Fuck you, faggot.",0
445,@Brizgotti These new nigga hipster hypebeasts love all these faggot ass bright colors and Nike keeps giving them what they want smh,0
446,@Buckm00se @letsargueboxing sand nigger ran over some Kidd,0
447,@Buckm00se I don't like the sand nigger but it's entertaining like 6 knockdowns,0
448,@Buckm00se Joe Cortez is the ultimate faggot that fight proved it,0
449,@Buckm00se all us beaners were pissed like robert when the jew ref stopped it,0
450,@Buckm00se true sand niggers &amp; bum Brits claim he's a ATG hall of fame legend smh,0
451,@CBSThisMorning @charlierose racist @NorahODonnell tx trash racist why wld u intvw @MittRomney n ask racist questions itwas so disrespectful,0
452,"@CHARLESBARRKLEY hey Sir house nigger, uncle tom aren't you from grand ole Mississippi, I rest my case!",0
453,@Campos_uli is a fag #hesgay,0
454,@CarelessOne92 you styl gotta get dem tweets off my nig,0
455,@ChaleCarlo5 fuck outta here and go put some more trash ass ink on your faggot ass self pussy,0
456,@ChaleCarlo5 stay talking defending your fuckboy ass boyfriend or what? go suck him off while youre at it faggot,0
457,@ChandailBailey @SteeZeyFLOW @HunturPls you need to accept the fact that you're both hipster faggots.,0
458,"@CharleeRedz13 your gay stfu, dumb monkey",0
459,@ChaseBasford chase you God damn faggot &#128514;&#128557;&#128514;&#128557;,0
460,@CheCha__ be gone my nigguh,0
461,"@Cheesus85 @greyyygoose faaaaggggottttt, speaking with the blonde hair and confused, you're a hypocrite, cuz you're a faggot",0
462,@Chink_19 shut up chink.!!!,0
463,"@Chris_Anzueto @Josh_Mackey15 you call someone a faggot and then say to kill themselves, you are a pathetic human being. A fucking disgrace.",0
464,@Christian_ESEM you don't know what your talking about retarded faggot,0
465,"@Cody_smith64 true! I miss yall man, yall are my brothers. Is mikey starting? And what about the chink? Lmfao",0
466,@CrackerJhak Because you're a fag,0
467,@CsSalazar15 wetback &#128513;&#128514;&#128514;&#128514;&#128514;&#128557;,0
468,"@DaRealAlexInLA @Woody_AFC @Rodriguez5_ the nig is fun to watch got to admit, ebola boy can speak broken Spanish too lol",0
469,@DangItsTiff you look like fucking shrek bitch,0
470,@DanielSizelove @Conrad_MLG get on cunt,0
471,@DarienDaywalt bitch shut the fuck up goddam your a slut bitch whore nigga,0
472,@Darienbaby_xoxo jk I'd fuck a dog before I fuck you fish pussy,0
473,@DatBoyRayT because if you support lesbians you have to support faggots there's no difference.,0
474,@DavetheBrave1 that hoe on some other shit bro rt and 100x better rn that a nigga high,0
475,@DeezNutsDoe I'd hate feeling like a faggot too punk ass hoe,0
476,@DeezNutsDoe how about you wash my butthole out with your tongue you little faggot,0
477,"@DefendWallSt Whatever! Fuck all those assholes. They're niggers, they all look alike to me.",0
478,"@DefendWallSt those little #ISIS faggots usually have bags over their heads anyway. 
Makes bullet placement interesting thru a scope.",0
479,@Derek_Kirchner7 @tori_mills02 fags&#128567;&#128567;,0
480,"@DestroTheNoble @nekolin purple &amp; pink....for the faggots who want to be protected...by the police, instead of BEARING ARMS if need be!",0
481,@DevilFzyq @DevilElyie @TehDevilClan shut up fag,0
482,@DjChubbESwagg this like a retarded wu-tang clan,0
483,@DolanGang beans u beaner?,0
484,@DolanGang you wouldn't know fag,0
485,"@DonnerKay @surlyrevenant An enraged 6'4"" 290 lb Mike Brown lethal weapon on legs.His hatred 4 the police &amp; whitey added fuel 2 his arsenal",0
486,@Drfreezeburnn @DaithiDeNogla I just learned how many retards you can find when you search trending topics.,0
487,@Drfreezeburnn That's not bias. It's an objective fact that Philly fans are cunts.,0
488,@EleyCome_EleyGo @caykelly16 movies don't matter as long as you do coon shit with coons you're a nigga!,0
489,"@EnglishBrit123 sounds like a good idea. But I want my word to be spread. Jews, niggers and commies alike.",0
490,@ErinTaylor14 @BRios82 you both sure do You want to give a free pass to every border jumper in this country you two are what's wrong here,0
491,@EvanBecker513 @_TriggaPlease_ @MorbidMermaid @zooyorkinit @_ShayisdaBOMB_ @Rainbowblake because she's a nigger,0
492,@EvanDMyers @nineinchessoft you have a redneck attitude. The same people that think Benghazzi is real think Fox fake nws is real. Your one,0
493,@Fardousaa becuz no man should celebrate his bday at a drreams #faggot,0
494,@Fit4LifeMike @chanelisabeth hoe don't make me put up screenshots of your texts to me hoe,0
495,@Flow935 jus wanted to let y&#225;ll know hope the hurricane kills your soca sunday trash #LORDWILLIN,0
496,@FrankieJGrande ew queer white thirsty bitch,0
497,@FrankieJGrande fugly queer white trash,0
498,@FrankieJGrande omg gtfo white faggot,0
499,@FreddyAmazin ratchet looking nigger,0
500,@FreeAJay you understand you look like a real life dyke right? Like you look like a WNBA dyke bro. A sports bra &amp; bball shorts wearing dyke,0
501,"@Fromtheshwa yes now get off twitter, you lame negros should have never learned how to use the Internet",0
502,@FuckBoiRik hahahaha youza fuck wigger,0
503,"@Fugazi3011 ""leave you beaner retard""",0
504,@Garner_412 heyyyyyyyyyyy fag boy am I gonna watch you play?,0
505,"@GeneTNBARockBox Says the old man :( I hope you can survive another 10 years, you silly Jigga boo monkey",0
506,@GlitteredInPink hoe don't tweet me,0
507,"@GoDaddy Hope you guys do get attacked for supporting SOPA, bunch of dirty snake faggots.",0
508,"@God_loves_biebs Go pray in a church or something fag, no one cares about your religious bullshit.",0
509,"@Godsmack_Music @iTunesMusic @iTunes That band is white trash, and only white trash would buy that album.",0
510,@GossipCop Julie tell them crybaby blacks to get someone blk. and dress them up white faced......niggers always whining!,0
511,@GrizzboAdams @wyattnuckels haha ight nig calm yoself,0
512,@GrizzboAdams fucking block your white ass because you try to start shit like a fucking queer so fuck you NIGGA,0
513,@GrizzboAdams ight nigga haha fucking queer has to clear his schedule,0
514,@GrizzboAdams roid rage much faggot?,0
515,@Gutierrez_Alf legit retard,0
516,"@HarveyLevinTMZ @sly309 they want what I got, I want what they got, America.they got the word nigger, I want it to",0
517,@HeauxmerSimpson I'm jus tryna vaca away from the niggers bro.,0
518,"@HeilSidious Sion is a faggot. Very meh ganks pre-6 and post-6 his ganks are still pretty meh he's just a tank, nothing special imo Mao +",0
519,@Herfarm @SteveWorks4You @TheDemocrats your low info redneck dumbasses vote for these corporate shills that idiots like you believe #dummies,0
520,@Herfarm Move out of our country teabaggers!,0
521,@HollowDaDonLOM those god damn chinks. http://t.co/Bi6fgP5vGo,0
522,@Hovaa_ #niggerfood #niggerperson #you #are #a #nigger,0
523,@Hovaa_ ok wat ever u say whitey. u prolly never even seen shaft.,0
524,@Hovaa_ shut up lizard faggot nigger cunt,0
525,@Hovaa_ ya I know all the slang I'm racist I h8 porch monkies,0
526,@HuffingtonPost if the faggots can have a page y cant they?faggots offend me more than them,0
527,"@HuffingtonPost im American, don't give 2 shits about the beaners, ship them beaners back",0
528,@HuffingtonPost y don't that bitch just shoot herself? so sick of all those whores!,0
529,@Hunglikerobby_ that was so gay. And I was tanning bitch. Juvie made me white,0
530,@Huntermoore happy cuz I woke up white and not a nigger!,0
531,@Huntermoore nigger!!,0
532,@IDisDummies Can you speak one coherent sentence without sounding like a nig? Seriously.,0
533,@IGGYAZALEA it was a joke you fugly bitch be happy uncle snoop even acknowledged your nasty ass lmao,0
534,"@IWantHis_Heart Ok u fat precious lookin ass bitch, u big fat back at the barnyard lookin ass bitch. I can fix my grammar but u still fat",0
535,@IamShady_ that's not even a real word! Must have hit a blunt and started making up shit with your nigger ass lol,0
536,@Iemonaids done that spell check we know you meant fat liberal Dyke feminist Nazi bitches,0
537,@ImToBlame you a fatherless wallet carrying ass video game playing ass negro breh. You filth. No way you can afford to date a #TwitterHoney.,0
538,@Im_Thirst randies are fags,0
539,@ImpactParasite just fuckin roasted this faggot,0
540,@InTheOvenJews @SlaveCatcher88 @marylene58 we should hang out ovenjew. Have a lot in common. People waste time on nigs. Jews r r problem.,0
541,@InfidelAlie that should read suck on my bacon encrusted middle finger Muslim twats,0
542,@ItsKeeshKapeesh *yourself *faggot buy a dictionary,0
543,"@ItsMander @kfc
You can always gets da colored folk back in da cage wit da KFC",0
544,@ItsYOUR_man nothin much cousin touching white trash wigger wannabe bitch boy dick sucking fucking gay bitch,0
545,@JGardenofEden @KySportsRadio @ryanlemond But...country music listeners really are hicks and alcoholics &#128514;&#128514;,0
546,@JMC2488 @jetsgreen @TB12FAN and fuck you too ya little bitch you look like a Mexican sucking a cock in ur profile,0
547,@JOLTNG niger,0
548,"@JPantsdotcom @Todd__Kincannon @the__realtony I'm partial, faggot..homo...both fairly describes the same sick twisted Assholes out there.",0
549,@JRise88 @G_Anderson4 what do you want fag,0
550,@JRise88 @LongLiveTylerD your a fag,0
551,@JRise88 shut up you stupid bitch,0
552,@JacobbBacker fag,0
553,@JacobbBacker you don't know shit about me faggot bitch,0
554,@JadeGreenleaf fag,0
555,@JaiBrooks1 faggot,0
556,@JaiBrooks1 not funny u faggot,0
557,@JaiBrooks1 ur brother looks so queer and ugly,0
558,"@JasonMoriarty13 I remember his nephew Lucas crying and dan saying ""quit being such a pussy and grow a pair"" or something. &#128514;&#128557; dans so funny.",0
559,@Jaytwofly @G_MUCKA good leave you stupid faggot,0
560,"@Jaytwofly huh, lol mad nigger is mad",0
561,@JewelsAndDrugs9 @ladygaga @madonna lmao madonnas music sucks? yeah you're fucking stupid if you think gaga is better. retard,0
562,@JimBoberson happy birthday faggot,0
563,"@JizzAtTheScene and how am I assume shit 
,hmm cuz u don't know what fuck u talking about crackers these days.",0
564,@JoeDouglas1 I guess blaspheme to your Allah is ok if your pos muzzie huh? @JewJitsuGrl @efilnikcufecin7 @Darknight420,0
565,@JoeDouglas1 sit down and stfu raghead @Darknight420 @hajihuntingpat,0
566,@Joey_D26 sweet comeback u fuckin herb I dnt watch soccer but id still wax your bitch ass in it go swallow the red soxs kids ur from NYC fag,0
567,"@JuanYeeze damn took this dumb spic nearly 2 days to respond, wuz really good tho beaner?",0
568,"@JuanYeeze shut yo beaner ass up spic and hop your faggot ass back across the border little nigga, go listen to some pitbull",0
569,@JungleFeverFren fuck u nigger,0
570,@KLSouth @Miss_Didi23 is an evil hate whitey racist who thinks Delbert Belton deserved it. @MaryForbes14 @EnemiesofDonnaJ @StephAnnAnson,0
571,@KamRenee ugly nigger,0
572,"@KeebitHalal @LogansWarning gotta love it when the islamofascist cow tries to make a retort about age, typical muzzie idiocy",0
573,"@Ken_GTH nahh , whatever you are spook or spic, I still don't like you . Good day",0
574,@Kenny__Wright @itsfrankybitch @yoPapi_chulo so if your 17 and in high school you dont have your own house you fucking faggot,0
575,@Kevin_McAdams Because Ian's retarded,0
576,"@KingHov1313 i got a dyke wit a child as whse mgr, and she jus hired another girlboy dis week....",0
577,@King_Albert21 @Ceto_13 u pulled.that queer shit as spon as u put no homo lol,0
578,"@KuntaKayne I have never seen such ignorant, illiterate pieces of shit in my life. Bring in Natl Guard &amp; disperse this trash. @bassem_masri",0
579,@L1LTR4P fucking losers wetbacks #SorryNotSorry,0
580,@Legionary1488 @JomavaesJos now we have a Ebloa case in Texas. If we kill all the niggers we might be safe.,0
581,@LeonBaptist idk you into mouthy spics on welfare with 6 kids and 3 baby daddy's?,0
582,@Levi_Page I don't bend that way queer. Thanks for the offer it's flattering.,0
583,@LexVan13 go back to nigeria faggot,0
584,@Lil_A47 &#128514;&#128514;&#128514; you're a coon,0
585,"@LobstrThinkTank Yeah! Me too. My people, the women, laff at the set apart men... they love the real niggas or niggers.",0
586,"@LokiHulibele @mediacrooks @AamAadmiParty They have mix, not all are retards. AAP is Maoists, terrorists,Congies and delusional Retards",0
587,@Lovelesslovely @Kwitchabichen25 hey aklve! Im taking out the black ghetto trash. Youre blocked nigger,0
588,@MakeAnothaHov T.o. was a faggot crybaby,0
589,@MarianCristinax you a fag b,0
590,@MarkHalperin @WSJopinion @BarackObama Anything to trash this black President!!,0
591,@MattHomeTeam - you know what you did you faggot. There are literally thousands of people that have you on their radar homo,0
592,@Matt_Petrie22 geta Life faggot,0
593,@Maxwell_Larsen your a cunt,0
594,@McwilliamsBrett shut your legs hoe,0
595,@MenachemDreyfus @NatlFascist88 @waspnse Shit your ass and shabbat your moms pussy u Jew bastard. Ur times coming. Heil Hitler!,0
596,@MilesM_05 shut up coon.,0
597,@MillerLite I don't follow you because everything about your company is white trash.,0
598,@Mimistheone You really seem to love Sandusky. Weirdo. Ur a creepy ass cracker!,0
599,@Mimistheone stop trolling me u creepy ass cracker!!!,0
600,"@Misplaced_Momma 
She be what we say in da hood white trash",0
601,"@Misplaced_Momma 
Y&#8217;all whitey gots to PAY fo da preparations",0
602,!!!!! RT @mleew17: boy dats cold...tyga dwn bad for cuffin dat hoe in the 1st place!!,1
603,!!!!!!! RT @UrKindOfBrand Dawg!!!! RT @80sbaby4life: You ever fuck a bitch and she start to cry? You be confused as shit,1
604,!!!!!!!!! RT @C_G_Anderson: @viva_based she look like a tranny,1
605,!!!!!!!!!!!!! RT @ShenikaRoberts: The shit you hear about me might be true or it might be faker than the bitch who told it to ya &#57361;,1
606,"!!!!!!!!!!!!!!!!!!""@T_Madison_x: The shit just blows me..claim you so faithful and down for somebody but still fucking with hoes! &#128514;&#128514;&#128514;""",1
607,"!!!!!!""@__BrighterDays: I can not just sit up and HATE on another bitch .. I got too much shit going on!""",1
608,!!!!&#8220;@selfiequeenbri: cause I'm tired of you big bitches coming for us skinny girls!!&#8221;,1
609,""" &amp; you might not get ya bitch back &amp; thats that """,1
610,""" @rhythmixx_ :hobbies include: fighting Mariam""

bitch",1
611,""" Keeks is a bitch she curves everyone "" lol I walked into a conversation like this. Smh",1
612,""" Murda Gang bitch its Gang Land """,1
613,""" So hoes that smoke are losers ? "" yea ... go on IG",1
614,""" bad bitches is the only thing that i like """,1
615,""" bitch get up off me """,1
616,""" bitch nigga miss me with it """,1
617,""" bitch plz whatever """,1
618,""" bitch who do you love """,1
619,""" bitches get cut off everyday B """,1
620,""" black bottle &amp; a bad bitch """,1
621,""" broke bitch cant tell me nothing """,1
622,""" cancel that bitch like Nino """,1
623,""" cant you see these hoes wont change """,1
624,""" fuck no that bitch dont even suck dick "" &#128514;&#128514;&#128514; the Kermit videos bout to fuck IG up",1
625,""" got ya bitch tip toeing on my hardwood floors "" &#128514; http://t.co/cOU2WQ5L4q",1
626,""" her pussy lips like Heaven doors "" &#128524;",1
627,""" hoe what its hitting for """,1
628,""" i met that pussy on Ocean Dr . i gave that pussy a pill "" &#128524;",1
629,""" i need a trippy bitch who fuck on Hennessy """,1
630,""" i spend my money how i want bitch its my business """,1
631,""" i txt my old bitch my new bitch pussy wetter """,1
632,""" i'd say im back to the old me but my old bitches would get excited "" &#128524;",1
633,""" if you aint bout that Murder Game pussy nigga shut up """,1
634,""" if you're toes ain't done you pussy stinks """,1
635,""" im done with bitter bitches its a wrap for that . if you a angry bird theres a app for that """,1
636,""" is that ya bitch """,1
637,""" it aint nothing to cut a bitch off """,1
638,""" jus meet son now he ya mane ass bitches "" #Shots",1
639,""" lames crying over hoes thats tears of a clown """,1
640,""" like Snoop said in 94 we dont love these hoes """,1
641,""" most hated but the hoes favorite "" #2MW #SevenOne # http://t.co/BMdSVMc3rC",1
642,""" nice girls bad, make me get naughty. Bad yello hoe, real nice body. Down south chick, like em real thick"" http://t.co/bzRDl3kF7U",1
643,""" pimps up pimps up hoes down "" Future voice",1
644,""" post a picture of that pussy get 200 likes """,1
645,""" pussy is a powerful drug "" &#128517; #HappyHumpDay http://t.co/R8jsymiB5b",1
646,""" quick piece of pussy call it a drive by """,1
647,""" running round here like some brand new pussy thats bout to get fucked """,1
648,""" these bitches even worst they'll send them guys for you """,1
649,""" these hoes like niggas that spend money not talk bout it """,1
650,""" we dont trust these niggas all these bitches """,1
651,""" yall niggas b cuffing hoes cause yall aint never have bitches """,1
652,""" you dodge a bullet "" &#128517; &#8220;@DaRealKha: ""All da bitches I cut off pregnant or bound to be ....thank God &#128591;""&#8221;",1
653,""" young Pill Chamberlain these bitches love my music """,1
654,"""&#128514;&#128514;&#128514;&#128514;&#128514;&#128514;&#128514;&#128514;&#128514;&#128514;&#128514;@VandalSavage_: Teanna Trump probably cleaner than most of these twitter hoes but.........""",1
655,"""&#128514;&#128514;&#128514;&#128514;&#128514;&#128514;&#128514;&#128514;&#128514;&#128514;@DaHomieFuzz: Gay niggas couldn't wait to act like bitches tonight""",1
656,"""&#128514;&#128514;&#128514;@The_Paradox: And ima steal his cat n replace it with a pitbull &#128514;&#128514;&#128514;&#128514; RT @80sbaby4life: @The_Paradox He a bitch you should do it""",1
657,"""&amp; he's gone always be a hoe""",1
658,"""...Son of a bitch took my Tic Tacs.""

I like this movie.",1
659,"""..All I wanna do is get money and fuck model bitches!"" - Russell Simmons",1
660,"""@2015seniorprobs: I probably wouldn&#8217;t mind school as much if we didn&#8217;t have to deal with bitch ass teachers"". Retweet",1
661,"""@A7XDemery: I'm a fucking fag they said""",1
662,"""@ARIZZLEINDACUT: Females think dating a pussy is cute now? http://t.co/VxBJg26Gsz"" how does doing this stuff make him a pussy?",1
663,"""@AdoreBellaaa: Have ya ever asked your bitch for other bitches - kanye voice"" Yes",1
664,"""@AdoreZoey: How u gone bring ur side bitch to a game where You know Ya gf friends at ?! &#128553;&#128553;&#128553;&#128553;"" I SWEAR!!!!!",1
665,"""@Almightywayne__: @JetsAndASwisher @Gook____ bitch fuck u http://t.co/pXmGA68NC1"" maybe you'll get better. Just http://t.co/TPreVwfq0S",1
666,"""@Almightywayne__: Fuck Red Malone man bitch ass niggah"" could you please use complete sentences?",1
667,"""@AutoWorId: Hennessey Venom GT &#128584; http://t.co/i8eGMnKaJ9"" that's one sexy bitch",1
668,"""@BOSSBYTCHH: Him seh me pussy wetter then a shower curtain....#ahmesehwetness""&lt;lmao!!",1
669,"""@BRO_HEN314: #Eaglesnation and every #Eagles need to see that pic I just posted because that bitch just said the most racist shit""",1
670,"""@BVSEDCHINK: Yo fuck skateboarding, all y'all some wood pushing faggots man, ball is life http://t.co/VBCzP6HMT7""
@AmJemieBenn",1
671,"""@BaylaaGottaBody: &#128514;&#128514;&#128514;&#128514; I ain't shit ."" Damn Skippy lol",1
672,"""@BeEasyJrizzy: u ever kill a ant on the sidewalk and think damn what if that nigga was on his way to get some pussy""No bs must b &gt;30%chance",1
673,"""@BeenBasedB: @_KudaBrazyy http://t.co/LuUBGL9Y5u"" 0 rings 0 mvps 0 bitches lol",1
674,"""@BeenFLYnSolo: ppl talk bad about the ghetto/hood ... but as a kid growing up, a nigga had funnnnnnn !""",1
675,"""@BestProAdvice: The facts on tattoos...tattoo http://t.co/ZwnbhpDZ8e"" he's a pussy with not tattooing them nipples",1
676,"""@Bill215_: &#128175;&#128175;&#128175; RT @nel_ayden Bitches be wanting to act like niggas so bad &#128553;&#128553;&#128553; that shit aint cuteeeee"" but niggas act like bitches..",1
677,"""@BitchJones92: Get worshiping bitch! http://t.co/R37CejCjou"" woof woof",1
678,"""@BlackChiquitita: Wow. RT @thatmanpalmer I'm lost. Are those buttcheek piercings? http://t.co/yn6guyOUQ6"" yeah she's a hoe",1
679,"""@BlackNerdJade: Ok, sis."" She'd rather be a broke bitch? *shrugs* she'll have to tell me how it works for her",1
680,"""@BrokenPiecesmsc: @ItsNotAdam faggot read my tweets after dat k"" it wasn't even funny lol",1
681,"""@BrosConfessions: This bitch was so ungrateful http://t.co/06e77bGwbx"" fr ..... LULWHORE",1
682,"""@CASHandBOOBIES: I been kidnapped yo bitch""",1
683,"""@CCobey: @AydanMcCoy happy birthday nigs"" Thanks yo",1
684,"""@CHlLDHOODRUINER: when ur teacher tells u that u have homework https://t.co/RKk5vawIj1"" this bitch need to go!!!",1
685,"""@CaelanG15: ""@22EdHam: @CaelanG15 that nigga was eating that hoe lol"" Hell Yea lol john Paul"" nigga said john paul.. http://t.co/OSIpBKPr9h",1
686,"""@CanIFuckOrNah: What would y'all lil ugly bald headed bitches do if they stop making make-up &amp; weave?""",1
687,"""@CarelessOne92: Leafs better win this damn game so I can go riot and shit #EarlyChristmas"" you better start looting my nig",1
688,"""@CauseWereGuys: Going back to school sucks more dick than the hoes who attend it.""",1
689,"""@CauseWereGuys: On my way to fuck yo bitch http://t.co/j906T5zE2R"" me as a 9 year old",1
690,"""@CeleyNichole: @white_thunduh how come you never bring me food"" i dont have a car retard",1
691,"""@ChadMFVerbeck: If Richnow doesn't show up with hella tinder hoes Im not his friend anymore"" chill I brought like like 8 prople",1
692,"""@ChandlerParsons: How bout them Cowboys!!!!"" Shutup pussy",1
693,"""@ClicquotSuave: LMAOOOOOOOOOOO this nigga @Krillz_Nuh_Care http://t.co/AAnpSUjmYI"" &lt;bitch want likes for some depressing shit..foh",1
694,"""@Coley_Cee: @lil_aerii girl you know I was spitting that G shit to you &amp; you was going lbvs""bitch plz",1
695,"""@Coley_Cee: Let me make a couple tweets off cuzzo page, so I won't get in twitter jail.""lmao bitch don't trick me again",1
696,"""@ComedyPosts: Harlem shake is just an excuse to go full retard for 30 seconds.""",1
697,"""@ComedyTruth: amen miley &#128591; http://t.co/P2Kb2tfyxr""okay, but she don't need to act like a hoe just bc she's ""emotionally damaged"" foh",1
698,"""@CoryBandz: having one loyal female is wayyyyy better than having hoes , idc &#128175;""",1
699,"""@Crhedrys: Pussy licking pussy.... meow meow #StopWhitePeople2014 &#128049; https://t.co/KeegDCjS5K&#8221;""""""""

&#128533;",1
700,"""@DBAB_Holloway: Check out our 12th man. #CowboysNation"" even with all those faggot ny fans in the stands",1
701,"""@DGotBricks: What happen to them vixen ent bitches"" they got ran and threw to the side like a foothill bitch",1
702,"""@DaeDaviDavie: @white_thunduh im the bitch okay nudes pat &#128554;&#128527;&#128056;"" wow",1
703,"""@DiamondLoudKush: The fuck be wrong with these bitches?"" Nobody knows",1
704,"""@Dietrich1892: Yall shut up:p"" make me bitch",1
705,"""@DionaIrish: I hate a ""I'm pregnant"" type of bitch.""",1
706,"""@DoYou_Q: Got bitches in the DM but I don't ever read'em"" which is y your top 3",1
707,"""@Dommoneek: Little stupid as bitch I don't fuck with yoooooouuuu..""",1
708,"""@DreadheadAri: she really asked me that dead ass serious tho, all i could say was ""bitch wheet"" LOL",1
709,"""@Ferocious_Ghost: @1stName_Bravo Aw."" ...fag, don't tweet ""aw"" to me lol",1
710,"""@Frosstyy_: @h0rheyd I didn't say anything tho"" kiss me then faggot",1
711,"""@G27Status: I could go for a fat ass bitch on my lap"" same",1
712,"""@GEDMelle: 17 missed calls!!!! &#128544;&#128545;""Das yo P.O bitch twitter finna be screamn #FreeMoneyMelle",1
713,"""@GTM_Al: Ya side bitch gotta know it's rules to this shit..anybody ask you my cousin from jersey thinkin bout moving"" lmmfao &#128514;&#128514;&#128514;&#128514;",1
714,"""@GagaTom1: &#8220;@MaleFoot: 3 | Amo los pies http://t.co/4QE1hDkK8i&#8221;"" fuck yeah",1
715,"""@GirlThatsVonte: These hoes be thinking Meat won't slap they ass &#128564;&#128075;"" ainna bruh",1
716,"""@GirlThatsVonte: Yall bitches wit no edges be doing the most talking &#128553;&#128564;&#9995;""&#128514;&#128514;&#128514;",1
717,"""@GirlThatsVonte: Yall still going trick or treating this year or nah?""hell yeah ima be da sweet tooth bandit steal bitches bags n shit",1
718,"""@Girllssues: I wanna have sex with my mom fuck her right in that pussy where I came from"" damn you got hacked like fuck",1
719,"""@Gizzy_Jones94: If she kiss u with her eyes open watch that bitch!""lmfao",1
720,"""@Goofstroop: You a woulda coulda shoulda ass hoe &#128563;&#128586;""",1
721,"""@Gotti_LTF: Happy Bday Bitch Ass Nigga @JetsAndASwisher""preciate that bitch roll up!",1
722,"""@HBMostDope: @1Jayee @PipinHoes used to send that bitch up""",1
723,"""@HBMostDope: Ugly bitches be like I'm my own WCW duh bitch you ain't nobody elses&#128514;&#128514;""",1
724,"""@HaloTGMG: @1stName_Bravo nigga you know we hacky sack hoes."" ...nah, I throw no look passes lmao",1
725,"""@HeartlessFuck: Glad I'm getting outta Atlanta. Nothing but a bunch of niggas in &amp; outta jail &amp; dumb bitches with mad kids fuckin em.""",1
726,"""@HiImJoriB: I would wife a hoe only cuz we wouldn't care that we cheating in each other."" ...why force the relationship in the first place?",1
727,"""@HornyFacts: Being single isn't an excuse to be a hoe."" @TheOneMiss_Luu",1
728,"""@HoskinsTy96: White boy power bitch"" black power bitch",1
729,"""@Hudgens_11: Lets get drunk, get blowed, spit shit spark blunts &amp; fuck hoes!"" Bro white dudes have no chill.",1
730,"""@IScoutGirls: @verbally_abrupt bitch where u been"" Around the world and back. Where you been?",1
731,"""@ItsYahBoiRay: @anelylove if I don't get my dick sucked at yo party by a bad bitch I'm fr gone set it off &#128514;&#128514;&#128514;&#128514;"" *by @anelylove *",1
732,"""@Itsyesie: #oomf is soooo cute. But he probably has hoes on him a lot.""",1
733,"""@JAYten9: In every cartoon theirs alway a @_nuffsaid15 saving these hoes lmao. http://t.co/9uKD8wtZ6x"" lmao damn captain SaveAHoe",1
734,"""@JamesyNBA: I wish I was a bitch like my brother keezy &#128530;"" ooooow I bet you do",1
735,"""@JasminePore: If you dressed up as a cat for Halloween you are basic."" ...or a pussy",1
736,"""@Jewelxo: Can pornhub just get a gaming stream feature so these dumb bitches can gtfo"" @Pornhub get on it Katie&lt;3",1
737,"""@JoeBudden: stop being scared to choke her during sex u bitch ass niggas. She&#8217;ll like it."". Says the guy who hits women out of bed. FOH",1
738,"""@Johnny55Perez: @white_thunduh ha well iguess I make them hoes loyal bro"" theyll never be loyal that y they hoes my nig",1
739,"""@KazAtta: @1TAKEHOV Oh man.. ""its 5 am, you off a molly, ho where the fuck ya seed at??"""" #fixed",1
740,"""@KelsieBelsi: You're not a man if you refer to every girl as a bitch""",1
741,"""@KeyshawnSwag: Lmfao this cat started beating the shit out of me"" my nigga finally got some pussy?!? MY NIGGA!!!",1
742,"""@KingCuh: @16stanleys io io alu record ho vine sai pe hahahaha"" lol anywaaaaaays..... haha",1
743,"""@KingHendo95: @VonDreaam naw it's my old tape. new cover . my upcoming mixtape is #KingOfTheHill"" Yeah I'm waiting on that hoe Mayne!",1
744,"""@KingTeej_: Ol dirty foot ass bitches.."" this was too funny to me.",1
745,"""@King_Shawn_6: @white_thunduh that's where I get my yellow flags for being amazing &#128079;&#128524;"" HELL YEAH NIGGY",1
746,"""@KissMySmilee: Don't got time for bitches to be actin iffy.""",1
747,"""@KyraNadiya_: These hoes ain't loyal ; no they ain't http://t.co/h1UBsVbkGl""

Smfh &amp; wonder why nobody decent wants them",1
748,"""@LCisTJ: Bruh, you studs keep thinking I'm soft as hell. Ask ya girl how many times she screamed she was my bitch. Oh okay. STFU."" BYE HOE!",1
749,"""@LODYCASH: dry pussy bitches always blame it on the condom&#128514;""&#128079;&#128514;&#128079;&#128514;",1
750,"""@LUNAraps: shut yo bitch ass up! https://t.co/IemN1u0gm5"" &#128557;&#128514;",1
751,"""@LaFlareGodJosh: Gucci Mane in jail and dropping mixtapes every month and you hoes can't even text back""",1
752,"""@Latrobemark: You love these hoes more then money wats wrong these niggas""",1
753,"""@LeBronVuitton: A loyal bitch from the burbs without daddy issues is like finding a holographic Mewtwo."" ...sounding like me over there lol",1
754,"""@LiLFridayHOE: Easy cum, easy hoe"" That's a fact !",1
755,"""@LifeAsBros: Charlie Sheen is too real http://t.co/gGGdK3kOV7"" major fucking respect for Charlie Sheen.",1
756,"""@Lightskingawdd: Wish I had a bae &#128533;""

You got all the hoes tho",1
757,"""@Lil_Mike_12: Fuck twerking bitch can you cook ?""",1
758,"""@Linniekravitz: @WesGodLaFlare bitch wtf"" http://t.co/DaSmycxODB",1
759,"""@Lipe_the_Great: &#8220;@h0rheyd: ""@Lipe_the_Great: Shut up zoe"" fight me pussy&#8221; for zoe? I'm good, man."" You are good ma'am. Move along now",1
760,"""@LolaaIsDope: Lmao fucking snake bitches"" @ em",1
761,"""@Loveable_Aizah: Big booty hoes everywhere sheesh &#128525;"" damn &#127807;&#128064;&#127807;",1
762,"""@MadFlyentist: Oregon chokes every year get off the field trash ass program"" RFT",1
763,"""@MannyDiesel: Def not cowboy lol RT @ArtofFloyd: Terrell Owens was the best Eagle &amp; Cowboy ever"" ..dude cried like a bitch on tv, over Romo",1
764,"""@Master11_: @20ToLife_ @GabrielaStarr How could u do this to me bitch"" potent",1
765,"""@MegamindNick: @white_thunduh nah fam I gotta cheat with the hoes"" depends on the female i feel",1
766,"""@Migsmichelen: This new twitter is confusing the shit out of me."" Go back to south america bitch",1
767,"""@Miikito_x3: Toto means ass or vagina?""I think pussy cause toto santi is like nasty pussy",1
768,"""@MikelaHenry: but what if he actually does choose the ugly bitch over you? &#58381;""Her ass must be fat!",1
769,"""@MileyCyrus: bitch couldn't kill my vibe if ya tried. &#127752;&#127752;&#127752;"" dis why i love miley :*",1
770,"""@Montrell_: I'm tired of bitches saying I look mean.. &#128530;"" nigga you big af, wear tight shirts, and grim everybody.",1
771,"""@MvckFadden: ""Stay beautiful you bitch""""",1
772,"""@NICKIMINAJ: #WutKinda

r purple. Ceeeleee""man this gurl was jus playin on the ""stupid hoe "" track. But in still shitted on sum gurls",1
773,"""@NastyCopper: Money getting taller and bitches getting blurry""",1
774,"""@NewsomeJade: I ain't never seen a bitch so obsessed with they nigga&#128514;"" I'm obsessed with mine &#128529;",1
775,"""@Nicholas_ted33: Kobe stay talking trash. But let's not forget http://t.co/VH4tnEkvTP"" @J_Austin12 I meant to do this one. Smh.",1
776,"""@No_FAKINGG: People always asking me what I'm mixed with."" She a bad asian bitch lol",1
777,"""@OfficialReplay: I am lowkey tired."" ...if you tired, be quiet and go to sleep hoe!",1
778,"""@PRAYINGFORHEAD: &#8220;@macklemroe: Stop bringing weird niggers into my mentions! @PRAYINGFORHEAD&#8221; http://t.co/cussDJesRK""",1
779,"""@PRETTyBOSs_BRAt: We don't love these hoes &#128080;&#128581;""",1
780,"""@PatrickQuelo: If yo girl cant have homeboys you a ol weak bitch ass nigga!""",1
781,"""@Patsfanjoe32: @d_palomino52 I think worst advice I gave you was "" don't be a pussy and speed up"" lol""",1
782,"""@PoemsPorn: Quote this tweet with your favorite animal.""pussy",1
783,"""@Poetic_Success: I hate when strippers tell you they're ""dancers"". Hoe, ballet dancers don't pop their pussy to Beethoven. You a STRIPPER!""",1
784,"""@Poffalicious: Andrewbryant: Poff has double vision after 2 beers
Poff: ... Double pussy &#128526;"" smh",1
785,"""@Poobie_: When bitches TWERK on the computer....

ME: ""In ya &#128089;, in ya damn &#128089;&#8252;&#65039;""""",1
786,"""@ProdsJewel_: &#8220;@sreadthepeace: &#8220;@yungmindless: @PeacePunkPrince Prince, THIS is art. http://t.co/EPHRWxMBHr&#8221; nobody takin his bitch!",1
787,"""@QUAN1T0: These bitches don't care they just play that role.""",1
788,"""@Queen_Kaaat: It took a while for you to find me, but I was hiding In the lime tree.""
@Iemonaids dis bitch in da wrong tree bro.",1
789,"""@ReachtheeCLIMAX: bitches can't cook but know how to suck dick .."" s/o to the ones that can do both!",1
790,"""@RenegadeMo: Fat hoes get chose"" lol",1
791,"""@RiahSM: #hoesaintloyal"" well they're hoes,no one expects them to be loyal",1
792,"""@RishaaWilliams: @TRESHON_SCROOGE @_Nevertrustt ol bitch ass"" http://t.co/AmcOinY0wG",1
793,"""@RnadJorell: Bruh im tired of niggas retweetin Miley Cyrus naked that bitch aint no types of bad"" lmaooo",1
794,"""@SacTownProdigy: Just because tony romo at the mavs game dont mean he still not a bitch lmao.. Fuk them cowgirls"" lol bitch fuck you",1
795,"""@SamJLayman : Holy shit, Freddie Highmore was in Charlie and the Chocolate Factory""
Me: *rolls on the floor, laughing*",1
796,"""@Samirahusic_: ""I don't want to have sex with my gf because I feel like I'm using her.."" - anonymous"" Whata faggot",1
797,"""@SexualGxfs: @ One of your followers with this &#128525;&#128553; http://t.co/F1TJl9xnCT"" @ somebody, bitch if you don't",1
798,"""@Shaa_Jenkins: If ya bitch always bitching clearly she care!"" Or just an annoying Bitch!",1
799,"""@ShanTaughtHer: These catfish hoes thinkin they slick.. But niggas catching on &#128524;""",1
800,"""@SheWentToJordan: Can't worry about a bitch that ain't worried bout me"" #real",1
801,"""@ShowArrive: Side hoes are for insecure niggas that can't handle a real one.""",1
802,"""@Shun_stokes: &#128514;&#128514;&#128514;&#128514;RT @bluprint_4: Lmao! This bitch come scooting in the tent like she about to fuck some shit up!"" &#128557;&#128557;&#128557;",1
803,"""@Shun_stokes: My cousin said he share hoes with his brothers. He said sharing is caring and he love his brothers &#128514;""",1
804,"""@SlimGirl_Probz: i'm hungry but ionn wanna spend my money on food&#128530;""Broke hoe problems &#128514;&#128514;&#128514;&#128128;",1
805,"""@SmeegBaby: Dese hoes be LYIN to all of us nigga""",1
806,"""@SnakecharmsDump: http://t.co/4b427dQZCV"" oh yeah fuck that bitch",1
807,"""@StellaTex: Guess what? I also have zero time for your mansplaining! Adios!"" Stfu pussy",1
808,"""@Strap__: I ain't sharing no bitch if you mines you mines &#128175;""",1
809,"""@SukMySweetness: money only impress the simple broke bitches""",1
810,"""@Sylvieamx: #Pisces will never be anybody's bitch, they don't let people control or change them."" Rigghhht",1
811,"""@TayKnosBest: These hoes is crazy""",1
812,"""@Taylorr_Babee: You ain't ever gonna be a slice bitch."" Kevin hart. (:",1
813,"""@ThatniggaTroy: Oomf so fuckin fine tho &#128553; dam"" @ her, don't be no bitch.",1
814,"""@TheGamerKingKev: I wonder if the girl that gave head to 24 boys for a drink in magaluf has twitter"" she probly sends nudes for fags",1
815,"""@TheNewSAT: #NewSATQuestions
Yeah bitch, yeah bitch, call me _______:
a.) Maybe
b.) Steve-O
c.) Later
d.) Jesse Pinkman""
@machinegunkelly",1
816,"""@TheNymphoTweets: Hickies in between her thighs right by her pussy &gt;&gt;&gt;"" Its only right",1
817,"""@TheOneMiss_Luu: Would you still love me when I'm no longer young and beautiful?"" No. Ugly monkey ass.",1
818,"""@TheRealRickyB21: @JetsAndASwisher @Gook____ y'all come through the front.""bitch I ain't coming",1
819,"""@TheRealRickyB21: @JetsAndASwisher faggot bitch"" http://t.co/2HyyAbk4eH",1
820,"""@The_Realist_Sam: @Madrid2_ yea, I'm on my iPad. I don't work this Friday. Let's ball this faggot up @TropicalBlanket""i work 2-5",1
821,"""@TheoMaxximus: Chrus still supahot tho"" *walks up to teacher with test, drops test in that bitch fohead* http://t.co/nb5VgdssgI",1
822,"""@Thornton25: &#8220;@KantKeepAhBYTCH: I love eating pussy lol I never get full lol&#8221; I can eat that shit forever lol"" and ever.",1
823,"""@Tmacc_GFG: &#8220;@VoiceOfDStreetz: ""@Tmacc_GFG: &#8220;@tizzimarie: No slushes &#128549;&#8221;hoes nasty anyway fam""&#128564;&#8221;them hoes taste like meds""&#127815;&#127815;&#127868;",1
824,"""@Tmacc_GFG: &#8220;@tizzimarie: No slushes &#128549;&#8221;hoes nasty anyway fam""&#128564;",1
825,"""@Tmacc_GFG: BOBBY BITCH-by @BobbyShmurdaGS9 be getting me live as fuck"" hell yea i play that hoe before my workout",1
826,"""@TreLeKidd: Yo bitch is Gucci Mane RT @JabariTheGreat : My bitch a stoner &#128175;&#128175; http://t.co/lt9LIJjpg9""&#128514;&#128514;&#128514;&#128514;&#128514;&#128514;",1
827,"""@TweetGameLazy: I can ride your bitch with no handle bars""",1
828,"""@TyJonCuffee: And if you ain't a hoe get up out my traphoussseeeee""",1
829,"""@UnHoly_Jack: These harbor bitches are all ""Party Bus hoes"""" Lol all?",1
830,"""@Vbomb20: @Woodchuck20 pussy"" love it",1
831,"""@VeronikaHumbert: Ultraviolence video, its coming you little bitch! #MTVHottest Lana Del Rey http://t.co/533fLbvWqh"" 

bitchy promo",1
832,"""@VineForTheByrd: On my way to fuck your bitch https://t.co/4lMTFNL2iy""

LMFAO KITTYCOPTER",1
833,"""@WBeezy_: ""@QuaTheGreat: Aww their avis look so cute together &#128145; http://t.co/9lPorCb8w0"" &#128128;&#128128;&#128128;"" do I gotta get Ike avi on this bitch ?",1
834,"""@WBeezy_: ""@Run_DRC: Its simple, dont be a hoe=dont worry about being exposed &#128540;"" fight me""why ?",1
835,"""@WannabeKanye: whys this bitch boosting herself http://t.co/uOd2f5WtKV""

Her size isn't exactly the most healthy tho",1
836,"""@WitHaPrettyface: @_1nonlykeisha bet not be no bitches! &#128514;&#128080;&#128299;&#128299;&#128298;"" &#128514;&#128514; Kim bye!!!",1
837,"""@X_XPDOTJDOT: Damn near gotta protect my tweets.. stalkers being annoying"" you got that dope dick. Drive these bitches loco",1
838,"""@XoJennyGirl: I'm making marack my girlfriend ."" @marackaf aye b you pullin hoes just like o taught you",1
839,"""@XoXo__Angiee: Bruno fag boy"" you love me.",1
840,"""@YEHits_Von: &#8220;@Run_DRC: I must be a bitch&#8221; you are &#128514;&#128514;&#128514; sike naw"" This why we always beefing &#128514;",1
841,"""@YoungRicooo: &#8220;@WexicanAfro702: Don't take advantage of a nice person&#8221;@ hoes""@ everyjuan",1
842,"""@YoungRicooo: Happy birthday bitch nigga @WexicanAfro702"" Thanks pal",1
843,"""@YoungRicooo: Sad knowing that most hoes won't fuck with you bc you ain't got stacks."" wait till friday",1
844,"""@YunGMiGo: @Shane_A1 cinco shit harder fucc nigga""yee but you fucc wit rich homie cuz dats ya homeboy fucc nicca",1
845,"""@ZoeBarton3: @h0rheyd ewww I said THAT last Sunday..as in the last Sunday I was there. Read it again nigs""&#128563;&#128563;&#128563;&#128563;&#128563;",1
846,"""@_BaDa_Bing: I only punch real niggas in the face cause a pussy Nigga is gonna punch me right back"" Strong Mush or Shake..",1
847,"""@_BeeDontCare My pussy still fresh"" &lt;----- something stank girls say.",1
848,"""@_GeeWillikers_: Ass slapping is one the greatest things. Haha. &#128527;"" I slapped a girl on the ass. . She got mad I aint get pussy for a week",1
849,"""@_TommyCollins: @WeAreRichnow @buffalobills yeah Texans are so much better you fucking retard"" I see that you're mad about this.",1
850,"""@__MALIBUbarbie: Nd wtf is up with dark bitches with blonde.. PLEASE HAVE SEVERAL SEATS HOE!"" ..looking like black&amp;milds out here",1
851,"""@__Sugga: There's a lane some bitches need to stay in &#128526;"" the left n get right the fuck outta our face &#128557;&#128129;&#128536;",1
852,"""@__sneakyb: I hate when boys deny that they have bitches &#128080;&#128553;"" smh",1
853,"""@__taradise__: Ya nigs out there still saying y'all don't eat butt?!"" WITH A STRAIGHT FACE!",1
854,"""@__youreWelcome: Im a boss ass bitch"" ...that needs to sit in a corner",1
855,"""@_iwantfranny: He's a hoe , I can't""",1
856,"""@_prettyflvck0: Me And Paul Thinkin Bout Gettin Rentals For Da Weekend &#128665;&#128168;&#128168;""oooh shit bitches betta stay out da streets",1
857,"""@_rapdreams: bitches hold they nigga down when he get locked up... but if a nigga go to college or the military it's a different story. &#128564;""",1
858,"""@_simplycaitlin: why do my friends hate me"" because you a ratchet hoe..",1
859,"""@adriwadrri: No love for these fuck niggas"" hoes*",1
860,"""@airmaxlad1: Hot meat http://t.co/BRz8Imk5vK"" sexy as fuck scally lad. I would love to meet him and his trainers.",1
861,"""@airmaxlad1: Sniff http://t.co/FHHbBRMYBN"" perved up scally lad. fuck yeah.",1
862,"""@alejandra_p13: These bitches love Sosa""",1
863,"""@alexissixela__: &#8220;@white_thunduh: I legit watched it for about 30 or 40 seconds &#128529;&#8221;SO DID I WTF"" prob cause were retarded smh",1
864,"""@allisonnamaya_: What should I name my cat, ideas?"" Mr pussy",1
865,"""@altosteel115: http://t.co/tM28mh5XG2"" woof woof. Sexy thug boy scally.",1
866,"""@ambitiousBree: @_1nonlykeisha u see the damn phone ringing? &#128547;&#128530;&#128542;"" when you married bitches makes demands!!!! You haven't called me",1
867,"""@analicialouise: Tevin is my favorite sophomore I think he's so funny"" Hes really not. Lmaoo hes a little hoe",1
868,"""@angelenagoley: 10 sex positions http://t.co/nt3PABMWsm http://t.co/JmHZ8Sczf0""naw this what u call fucking the soul outta bitch &#128557;",1
869,"""@babineaux_: I don't got no type. Bad bitches is the only thing I like"" *Iongotnotype",1
870,"""@bleedingtrap: god teeth , gold chain
white bitches , cocaine""",1
871,"""@cheetahBluntz_: Its me hoe, its me hoe&#128129;"" shhhhh",1
872,"""@chieflottahoes: In D.C., we call them rollers, in Chiraq we call them thots."" All across America they have been known as a hoe.",1
873,"""@clayton_jenn99: I'm gonna miss that bitch of a bus driver...""no you won't. Don't lie",1
874,"""@coltforty2Gone: hate when bitches try and put you in the friendzone. bitch I'm tryin to score put me in the endzone &#128293;&#128293;&#128293;"" ON. MY. SOUL!",1
875,"""@datFullerkid: @TreVaughnLG yall both gimped up??"" Ain't tht a bitch huh lol",1
876,"""@demi_eggleton: oh my god I love Victoria Mitchell"" all my bitches love me",1
877,"""@djsliime: That long distance shit wack I knew the bitch was cheating""- uh oh",1
878,"""@fIirting: HE'S DOING IT RIGHT &#128525;&#128120;&#128158; http://t.co/JZKkiVUVjC"" no bitches smh",1
879,"""@fatboyswagg347: they BAN dat pussy for life &amp; he gotta pay 2.5 millon dollar fine""",1
880,"""@fuckcamoclark: Roses are red and violets are blue and niggers are black, you know that's true."" @dylan72892",1
881,"""@glowstruck: But a nigga gon be a nigga, be a nigga."" You sound fuckin retarded",1
882,"""@gurl_Im_Angie: @ItsKiaraaaa @WestYourMajesty I'm not even shy stfu"" kikis mom: Hi angelique 
Angelique: Smiles *Dips cracker in soup*",1
883,"""@haitian__goLd: Tim Tebow got cut from every team he was on in the NFL and he already got more hoes than me in Starkville. Smh."" &#128514;&#128514;&#128514;&#128514;",1
884,"""@hazelebaby: Karma is a bitch #Damn #GodProtectsHisAngels &#128588;""

*sips tea*",1
885,"""@hornyjhb: Fuckin hot gym pussy http://t.co/ZVYmcXQuTA"" fuck yeah",1
886,"""@iAMPickUpLines: You can call me Fireman cause I turn the hoes on.""",1
887,"""@iCrawley: I could never have a bby by a lil dick Thts y I got a abortion by the last bitch""- oh My God",1
888,"""@iDntWearCondoms: Watch women try to argue with me like they have a dick and actually fucked some pussy before"" I hate when bitches do that",1
889,"""@iLGDaily: And smoke weed in public, fuck cops man, do what you wanna do, they don't own you, run if they come"" are you retarded?",1
890,"""@irlfatty: my pussy sweet like watermelon http://t.co/SKlPh3TtoG""

Thotermelon",1
891,"""@jSadass: loud bitches annoy me""",1
892,"""@jacaxeltlu: Eventually every bitch turns into that hoe."" # Truuu",1
893,"""@jaimescudi_: ""@Tonybthrz_: ""@jaimescudi_: I swear if oomf try talking to me tomorrow.."" @"" @BarackObama"" pussy",1
894,"""@jama_jam: You bitches be pretending to be TF crazy.."" You ain't never lied...",1
895,"""@jasmyncyniquee: @white_thunduh k bye hoe"" um bye ..",1
896,"""@jboii2: ima keep on giving these pussy ass niggas ah reason to hate !""",1
897,"""@juicyyyjayyyy: Side bitch Sunday &#128514;&#128514;&#128514;"" &#128514;&#128514;&#128514;",1
898,"""@k_eazy26: Facts what baldheaded bitch made this shit. &#128074;&#128074;&#128555;&#128530; http://t.co/fDYojpT9Xg""

Lmao &#128553;&#128514;",1
899,"""@kayreneeee_: Fuck wit us and then we tweakin hoe"" shmurda!",1
900,"""@kikiSTFU: I'll break that lil bitch neck and won't even feel sorry about it"" Savage",1
901,"""@leikant: This is so fucking hot!! #scally #sneakersex #sockfetish #sniff #trainersex http://t.co/TubivxbxcO"" love me some kinky scallies",1