index,count,hate_speech,offensive_language,neither,class,tweet
0,5,0,0,5,2,white right away has a very strong attack
1,5,0,0,5,2,this fact was basically looked over by black he didn't care about Queen takes p7 and so we captured a pawn white is a pawn up
2,5,0,0,5,2,white doesn't want to start to attack on one side and then just have black you know castle to the other side 
3,5,0,0,5,2,however black played rook to f7 now blocking the this attack
4,5,0,0,5,2,black could even try an aggressive immediate counter gambit
5,5,0,0,5,2,or black he has to keep in mind what is he going to be attacking this white King
6,5,0,0,5,2,black has some very strong central control so all in all it's a trade off couple of luck
7,5,0,0,5,2,started to play the most attacking game of the match
8,5,0,0,5,2,lack now brought his queen to d6 again it was being attacked so he did need to move it
9,5,0,0,5,2,opening up a discovered attack on the Queen pawn captures 
10,5,0,0,5,2,This move played by white will limit the development of black's pieces
11,5,0,0,5,2,black decided to take with his night here on d5 and white recaptured with his pawn
12,5,0,0,5,2,"Because of the move that White had just played, the position has become more than difficult for Black, who is facing a lost game"
13,5,0,0,5,2,the Lolli attack system here with black hitting the knight
14,5,0,0,5,2,Rob joins the attack and here it would be very difficult to repel this Queen
15,5,0,0,5,2,The Fried Liver Attack is a great opening that allows White to steal Black's material and gain a material advantage over Black
16,5,0,0,5,2,black plays Queen to Bishop to f5 and he traps the Queen
17,5,0,0,5,2,not allowing d4 to come with a double attack but black still plays it here black should just play it safe
18,5,0,0,5,2,White has developed its pieces better than Black
19,5,0,0,5,2,Cheverny for example in the 1930s as black doesn't really engage in any of the central squares
20,5,0,0,5,2,The white queen is forcing the black king to retreat
21,5,0,0,5,2, if black first place a 6 then you can keep your dark square
22,5,0,0,5,2,"If Black does not defend itself against the strong threat from White's c pawn, Black might eventually lose its queen"
23,5,0,0,5,2,This white bishop is badly positioned and is about to be captured by this black knight
24,5,0,0,5,2,now already black is threatening some ideas
25,5,0,0,5,2,Both the black knight and the black bishop are targeting and eyeing down on the f2 pawn for White
26,5,0,0,5,2,Black has taken many of White's material
27,5,0,0,5,2,start an attack on the king side
28,5,0,0,5,2,here comes the second pawn that white captures
29,5,0,0,5,2,This opening trap by white will force black to give up many of its pieces
30,5,0,0,5,2,The most deadly fork is the Royal Fork where a white or black knight forks a white or black king and a white or black queen at the same time
31,5,0,0,5,2,all white we'll still get plenty of attacking chances but black will get a less of a contract tacking chance
32,5,0,0,5,2,black actually captures the pawn then queen c3 comes with the threat of capturing the Queen with rook to a1 but also it pressures the g7 point the knight and Queen are both attacking it
33,5,0,0,5,2,black can't immediately go for some well analyzed defense but we can pretty much transpose into anything 
34,5,0,0,5,2,"Black played 13… Bxa3, demolishing the pawn structure that defend the white king."
35,5,0,0,5,2,Black accepts the gambit played by White and allows White to assert its dominance in the center of the board after white plays pawn to d4
36,5,0,0,5,2,"White just made an aggresive move, which will likely cause Black to play more passively"
37,5,0,0,5,2,f7 is the most vulnerable white square on the board  
38,5,0,0,5,2,White looks to sacrifice his knight on f7 so that he can take initiative and start a great assault against the black king
39,5,0,0,5,2,White can force a checkmate on the Black king
40,5,0,0,5,2,White goes first and Black goes second 
41,5,0,0,5,2,"Playing as White, Fischer had fully loaded up Alekhine's gun on the a-file with Qa1"
42,5,0,0,5,2,Alekhine's gun is a well-known piece configuration that is created when a player places their heavy pieces on the same file
43,5,0,0,5,2,G file will be a very nice attacking formation so we have a look B to e 8 now pressuring this paw
44,5,0,0,5,2,"In this example of a zugzwang, white has put black in a disadvantage since the only move that black can make is ke5"
45,5,0,0,5,2,many players were black are trying to kill the fun of it
46,5,0,0,5,2,this will be much better for white but even if black doesn't want to go for this immediate a6 white doesn't have to go a 4 white
47,5,0,0,5,2, kind of prevent white from pushing efore and f4 
48,5,0,0,5,2,"White to play and win: Barrientos Medina, Juan Carlos vs Fiorito, Francisco. XX Rio Grande Domingo Int 2020."
49,5,0,0,5,2,there is no defense against Queen G for checkmate and black can just waste a couple of moves by sacrificing pieces but it's first chance white gates
50,5,0,0,5,2, than e4 leaves a white with a lot more options and one thing I also you have to know if you're an only player that white can't go for the this d6
51,5,0,0,5,2,The Black Queen has been trapped and has no where to run 
52,5,0,0,5,2,vichy i mean putting in the the psychological work of what might yon the punjabi not be comfortable with today
53,5,0,0,5,2,"In this case, the Black king is going to be attacked by many of White's minor pieces"
54,5,0,0,5,2,One thing which quenches or rather addresses the aggression of white and makes blacks game potentially aggressive is for black to do a counter gambit
55,5,0,0,5,2,The pin by the white bishop on the black king has put black in an uncomfortable situation
56,5,0,0,5,2,Black's king is wide open for White to repeatedly attack it for the rest of the match
57,5,0,0,5,2,the queen used to be one of the weakest pieces on the board
58,5,0,0,5,2,Playing this move maintains a large advantage for White over Black
59,5,0,0,5,2,The black bishop is blocked and impeded by friendly black pawns and therefore cannot move
60,5,0,0,5,2,The rook is pinning the knight to the black king
61,5,0,0,5,2,d2 simply gives a white more than enough compensation
62,5,0,0,5,2,Black wants to give up some material to get some development himself
63,5,0,0,5,2,the position becomes very difficult to play for black 
64,5,0,0,5,2,obviously white captures the rook the exchange that was sacrificed by black
65,5,0,0,5,2,Here black has a number of options
66,5,0,0,5,2,with the threat of f3 and after white pushes f3
67,5,0,0,5,2,"Whenever Carlsen plays as black, he loses the game to the player playing as white"
68,5,0,0,5,2,some players go a 6 here but now after a 4 or white is actually what is actually better here 
69,5,0,0,5,2, immediately because black and easily punished this would be five after we captured a point now f5 so attacking the knight that's defending the other night
70,5,0,0,5,2,didn't really care whether he played with the white or with the black pieces
71,5,0,0,5,2,if black doesn't play perfectly white can get that back
72,5,0,0,5,2,now isn't really doing anything black
73,5,0,0,5,2,you're under attack a white sacrifice material
74,5,0,0,5,2,so attacking this Queen forcing the Queen to move somewhere again all of his pieces are defended
75,5,0,0,5,2,black does have a bishop but White's knight on f5 is extremely strong you could either kick it away by weakening your position
76,5,0,0,5,2,"At this point, nothing can stop black from checkmating white"
77,5,0,0,5,2,This light-square bishop has more value than that dark-square bishop
78,5,0,0,5,2,well best move for black would be something like King to d8 but what White would still prevail here
79,5,0,0,5,2,The King's Indian Defense is a solid Black defense against all White openings
80,5,0,0,5,2,this doesn't allow black to go night to h5
81,5,0,0,5,2,this position is already quite an advantage for white
82,5,0,0,5,2,Black wants to play that violent e5
83,5,0,0,5,2,black would have a very comfortable game so after Knight c5 we have a knight eat it before threatening a lot of very interesting ideas
84,5,0,0,5,2,the black doesn't really have any options
85,5,0,0,5,2,if white tries g3 or something then this Knight can move
86,5,0,0,5,2,it's going to be very difficult for white anytime soon to come over and attac
87,5,0,0,5,2,so after Queen to d7 black decided to play King captures on d6 d7 as well
88,5,0,0,5,2,The white king is threatening the black bishop to retreat
89,5,0,0,5,2,even a win with white is hardly possible but against such an Indian player like both unique you never
90,5,0,0,5,2,Queen can also join the attack it would be it would be just an excellent position for white
91,5,0,0,5,2,they really start to attack the white king on the King side
92,5,0,0,5,2,here against the White King
93,5,0,0,5,2,again attacking the Queen forcing her to move from this diagonal Bernstein
94,5,0,0,5,2,"By playing this opening for black, black will launch a strong counterattack against white's opening"
95,5,0,0,5,2,"After White played that devastating move, Black has no choice but to resign "
96,5,0,0,5,2,white eventually is going to be sacrificing a pawn so that he can open up a huge attack against black 
97,5,0,0,5,2,you're gonna grab the exchange here and the white is completely winning now 
98,5,0,0,5,2,attack black continues weakening
99,5,0,0,5,2, b7 point is now under attack
100,5,0,0,5,2,Since black doesn't really see any threats here he plays rook the g8
101,5,0,0,5,2,threat of f5 is pretty dangerous if black is ever allowed to play G
102,5,0,0,5,2,white will definitely have compensation before for this exchange sacrifice if black decides to get rid of the center
103,5,0,0,5,2,you know instinctively White has the advantage just because they have that extra tempo in the game
104,5,0,0,5,2,f2 is the most vulnerable black square on the board 
105,5,0,0,5,2,there's a really big problem here it's hard to find the move for white
106,5,0,0,5,2,now tal considers this to be the most flexible variation for black as now if white ever decides to push d5
107,5,0,0,5,2,The squares in front of the white king are blocked by black pieces 
108,5,0,0,5,2,create a very nice victory but that only works if white immediately goes for this maneuver Knight
109,5,0,0,5,2,after black prevents this Queen at five you guard the GCM and pawn you would at least lose a pawn with Knight
110,5,0,0,5,2,The white pawn is continuously pushing the black bishop back 
111,5,0,0,5,2,there is no move for white whatever you play
112,5,0,0,5,2,white simply grabs the knight and black decided to defend with tempo 
113,5,0,0,5,2,Black is threatening Queen captures on f3
114,5,0,0,5,2,the hit-and-run tactic boils down to a moment where you capture an enemy piece and at the same time move your piece out
115,5,0,0,5,2,white rook capturing the black bishop is a devastating move
116,5,0,0,5,2,now c6 trying to undermine the center and of course the white captures then black
117,5,0,0,5,2,"Whenever Nakamura plays as white, he beats the player who is playing as black"
118,5,0,0,5,2,was a better idea here for white
119,5,0,0,5,2,white has to proceed very carefully as black still has a lot of pieces and the queen is very close to the white king
120,5,0,0,5,2,he played knight captures on e for attacking the white queen now so he wants to trade queens
121,5,0,0,5,2,sla de sensee books were in the middle of a bloody desert
122,5,0,0,5,2,this warrior has no health how much would this arch and suture would kill that guy okay i um crap slinger's probably dead
123,5,0,0,5,2,we're not going to be able to actually kill this archer
124,5,0,0,5,2,I'm hoping over win system for tonight dances all over the dead bodies
125,5,0,0,5,2,the Genghis 27 keeps kicking my ass god damn it
126,5,0,0,5,2,no bigger alliance against nukes there is only Middle East
127,5,0,0,5,2,Sweden and China are at each other's throats.
128,5,0,0,5,2,I'm gonna attack you
129,5,0,0,5,2,we have met matthias that's another person to kill hello friend where are you at
130,5,0,0,5,2,get to expert marksman and take the city with the most damaged unit so it's in this into city center and nice and safe from an attack
131,5,0,0,5,2,looks like we'll have some neighbors they look friendly may I borrow some sugar please neighbor all you can burn my city down
132,5,0,0,5,2,i'm not giving him peace all right let's range to attack him and then here past our gayday
133,5,0,0,5,2,we can settle that city and then we can go and attack scotland i'm gonna move a little bit let the city-state get the first few attacks
134,5,0,0,5,2,we're just going to be line horsemen and uh yeah pretty much go and kill our closest neighbor
135,5,0,0,5,2,I wish to purge this world remove the people and leave the pachyderms
136,5,0,0,5,2,2569 was the first year people started dying in Venice
137,5,0,0,5,2,I'm laying waste to Baghdad's Arabia
138,5,0,0,5,2,maybe at some point they'll get an alliance get them to invade the Congo as well
139,5,0,0,5,2,i'm gonna have to gamble that we don't get attacked right away
140,5,0,0,5,2,trying to find another city-state somewhere near australia so we can use them to attack australia
141,5,0,0,5,2,it belongs to rome rebellion in 26 turns
142,5,0,0,5,2,it took one attack to kill my elephant
143,5,0,0,5,2,ancient walls right we should be able to attack this i'm going to be so pissed if that's not ancient walls
144,5,0,0,5,2,"Venice was turned into an irradiated pile of carbon, by Gandhi's first nuclear bomb. "
145,5,0,0,5,2,I can proudly say I'm finally rid of you
146,5,0,0,5,2,there's just a massive eyesore of all your smelly soldiers just like camping out
147,5,0,0,5,2,"Then... Gandhi [Nuclear proliferation] -Oh, I hate Gandhi."
148,5,0,0,5,2,I killed your great general i abducted him in an airship
149,5,0,0,5,2, he's going to attack the horsemen let's go civil service two sources
150,5,0,0,5,2,we already killed or are killing that one scout so hopefully we can kill three barbarians to boost this
151,5,0,0,5,2,Canada might have to kill you but at least they'll apologize for it
152,5,0,0,5,2,they just declared war
153,5,0,0,5,2,it's going to take a little more effort but we can still kill the city
154,5,0,0,5,2,oh I phone some dirty Germans
155,5,0,0,5,2,there's gonna be a rebellion soon
156,5,0,0,5,2,we'll keep attacking indonesia
157,5,0,0,5,2,I've taken all the original capitals but there's still some more conquering to do
158,5,0,0,5,2,let's begin attacking the city 
159,5,0,0,5,2,so let's just attack the warrior unit wait till this immortal comes in 
160,5,0,0,5,2,he just killed himself onto my warrior let's keep moving
161,5,0,0,5,2,I'm sending Spearman out to kill your missionaries right now
162,5,0,0,5,2,it's time to plan my attack on Paris I have four nukes that I didn't tell you about
163,5,0,0,5,2, the walls are absolutely insane ranged attack and the next turn will finish off the city
164,5,0,0,5,2,I found Mecca totally gonna invade that later
165,5,0,0,5,2,Katmandu are burning all of their horses what a bunch of [ __ ]
166,5,0,0,5,2,I do like diplomacy with the barbarian tribes and the ability to pay them to attack another civ
167,5,0,0,5,2,this raid clan earned gold the outpost will remain attack
168,5,0,0,5,2,I can build like nukes I can do that if you want me to burn you
169,5,0,0,5,2,they kill the units but he's probably going to die next turn
170,5,0,0,5,2,oh Jesus Christ yeah they killed that guy hard
171,5,0,0,5,2,we either all die together or we all die separately
172,5,0,0,5,2,kill more gold with the capture of the city
173,5,0,0,5,2,I might as well get an artist killed
174,5,0,0,5,2,I'm gonna be like you know what I hate everyone everyone's okay kill you Alex
175,5,0,0,5,2,there's a lot of archers to kill
176,5,0,0,5,2,Genghis is gonna get a whole bunch of horses soon and probably invade
177,5,0,0,5,2,you killed my dude because he's red
178,5,0,0,5,2,Zanzibar attacked me so I was like quick peace 
179,5,0,0,5,2,the city state is dead so the encampment is dead so the scout should try to suicide onto me
180,5,0,0,5,2,let's see what they have to be up against oh it's a massacre oh it's horrible oh my god
181,5,0,0,5,2,there are some giant robots of death and of course it's Japan to build it first they are likely to take out this India
182,5,0,0,5,2,i feel like they can do some damage looking at the tech tree
183,5,0,0,5,2,what's a little genocide between friends
184,5,0,0,5,2,I'll make this city a puppet I won't kill everyone but now they all work for me
185,5,0,0,5,2,it's the 400th anniversary of our blood feud
186,5,0,0,5,2,it is much more likely to end up dying or becoming enslaved or something like that
187,5,0,0,5,2,"Nuclear weapons became common place, and the war became even more devastating"
188,5,0,0,5,2,there's just too many people mostly because I'm not killing all of them
189,5,0,0,5,2,opposing civilizations receive double their awareness for fighting against gandhi
190,5,0,0,5,2,we'll attack a hokia next turn
191,5,0,0,5,2,the archer can attack you so you're actually gonna just back out here
192,5,0,0,5,2,saladin's over here hard to attack on the water which kind of sucks so it looks like we're gonna need to bring an army over here
193,5,0,0,5,2,D'awww. Wars can be such a great family bonding experience!
194,5,0,0,5,2,knock knock surprise you're dead let's do it who are you to oppose hammurabi
195,5,0,0,5,2,I then swarmed Medina as fast as I could and took it down within ten years
196,5,0,0,5,2,i have no doubt that we shall kill it it's just going to take us a minute
197,5,0,0,5,2,we're probably gonna need archers and legions before we attack him
198,5,0,0,5,2, begin the attack on roxborough
199,5,0,0,5,2,England is attacking Scotland we've got to see if they survive
200,5,0,0,5,2,yeah kill all the natives
201,5,0,0,5,2,I'm the supreme leader hard leading a country is hard and people are rioting
202,5,0,0,5,2,as for Africa I don't think any great power is gonna come from here
203,5,0,0,5,2,Gandhi murdered my family
204,5,0,0,5,2,stop massive Asian empires from reaching any further into Europe
205,5,0,0,5,2,you all the Greeks know I want Machu Picchu
206,5,0,0,5,2,I'm also simultaneously destroying the Siamese
207,5,0,0,5,2,I think this city is pretty much useless now
208,5,0,0,5,2,i want to get the kill with the slinger here but it takes two turns to move an attack
209,5,0,0,5,2,oh wow and India is dead too so both Indians have been killed again by Cynthia and Korea
210,5,0,0,5,2,i think you could kill him right right hokia really kind of screwed us over a little bit
211,5,0,0,5,2,i could keep this archer here and attack um these archers the problem with that though is then i'll get triple attacked now i could also i think i can just straight up kill this guy hmm then we can kill this guy here or at least severely injure him
212,5,0,0,5,2,he even grabbed this Chinese sieve which China's dead oh man
213,5,0,0,5,2,we've got Gandhi over here in the purple and then like sexy mythical Gandhi
214,5,0,0,5,2,George Washington was the first president and killed a bunch of people
215,5,0,0,5,2,Gonna stream some more CIV6 tonight w/ the sis.
216,5,0,0,5,2,can we kill him i think we can yeah 
217,5,0,0,5,2,you could just be a bold America and just steal something
218,5,0,0,5,2, they might get attacked by norway
219,5,0,0,5,2,it was a surprise attack and i'm i'm super happy that he declared war
220,5,0,0,5,2,your best man it tried so hard either killing my guys
221,5,0,0,5,2,now you're killing your own people
222,5,0,0,5,2,we got to start watching the Zulu though I mean they they've got a huge control over Africa
223,5,0,0,5,2,avoid burning to death in the hell you have just created 
224,5,0,0,5,2,I spent 990 years building an army to go to war with Mecca
225,5,0,0,5,2,we will begin the attack on whatever that city's name is nice
226,5,0,0,5,2,Montezuma declares war on me for no reason absolutely no reason it's just he just didn't like the way I looked apparently
227,5,0,0,5,2,we do want to kill three barbarians to get a boost
228,5,0,0,5,2,they are also at worth to Congo it's a big deal you kind of want to take them out early
229,5,0,0,5,2,then the three attacking the city have the siege tower boost
230,5,0,0,5,2,the city has been conquered its irradiated and rebelling
231,5,0,0,5,2,I see Poland mobilizing and they would attack naughty
232,5,0,0,5,2,we'll do the range attack thing one last time and i think the city should fall next turn
233,5,0,0,5,2,i might sneaky surprise war kill the settler or kill the slinger and take the settler for our own
234,5,0,0,5,2,they just out sourced it to some child labor sweatshop in East Asia
235,5,0,0,5,2,watch out for American Gandhi when he sees you have the oil to enter a blood list like a shark smelling blood Gandhi
236,5,0,0,5,2,all of these units can attack buddha
237,5,0,0,5,2, you can come here and attack one of the warriors
238,5,0,0,5,2,it's time for you to die Genghis Khan you will be my true opponent
239,5,0,0,5,2,i'm gonna kill the swordsman with the wall hit here
240,5,0,0,5,2,Kathmandu is being under attacked by barbarians
241,5,0,0,5,2,keep ranch attacking the city actually do a good amount of damage to the defenses
242,5,0,0,5,2,I'm also finally gonna take out France while I've got him exposed
243,5,0,0,5,2,where's the third one cm chinese communist
244,5,0,0,5,2,I'm hated by all of the people on this planet but they don't have enough giant death robots to stop me so haha
245,5,0,0,5,2,we'll hit next turn pretty pissed off vatican's probably gonna be my first victim
246,5,0,0,5,2,wow look at all that damage absolutely massive
247,5,0,0,5,2,Wow in the same year I also erased England from history two years later
248,5,0,0,5,2,we can use venice to attack china
249,5,0,0,5,2,oh Jesus Christ that was horrible that was a [ __ ] massacre all right
250,5,0,0,5,2,kill one of my warriors which kind of sucks but we should be in a better position this time
251,5,0,0,5,2,okay i think this guy's dead
252,5,0,0,5,2,what all right I killed a Bob man traditional Venetian yeah name yeah
253,5,0,0,5,2,we'll keep moving down south we'll take attack that encampment
254,5,0,0,5,2,kill them I swear to God you ungrateful fools I worked so hard for this country
255,5,0,0,5,2,we're probably gonna see a lot of deaths here it just it's just way too crowded
256,5,0,0,5,2,you're already getting rebellion pressure now you're gonna grow pretty quickly but that is interesting oh that's rude now i don't think i can kill you
257,5,0,0,5,2,i nuked you to the hardest and I'm sorry for that
258,5,0,0,5,2,I don't want to piss off people of Islam actually it's lamb scary
259,5,0,0,5,2,these guys will decide to attack me
260,5,0,0,5,2,he decided to attack the archer which he wasn't gonna kill nice
261,5,0,0,5,2,I bet a lot of people are attacking China right now
262,5,0,0,5,2,well that's awkward that is not the settling expected to see but Rome has gone into Africa
263,5,0,0,5,2,Raiders coming in and launching their nuclear warheads at our city
264,5,0,0,5,2,they're now attacking Korea not a bad idea because we saw China's dealing with a lot down here
265,5,0,0,5,2,Wow Hinduism is kind of crazy in Asia
266,5,0,0,5,2,let's move in there i will continue attacking 
267,5,0,0,5,2,now I get to watch daily being burned down to ashes by a million blood hungry Aztecs
268,5,0,0,5,2,all right you're trashing me
269,5,0,0,5,2,80 gold to prevent from attacking spend gold to encourage the clan to attack nearby civilization 
270,5,0,0,5,2,all the boosts we're getting and now we can begin our attack
271,5,0,0,5,2,millions of people are now being oppressed by foreign power
272,5,0,0,5,2,"Now again, probably best thing for black would be the castle here but he plays a Bishop to b6"
273,5,0,0,5,2,"In the Calabrese Counter Gambit, White wants to quickly develop its light-squared bishop and dominate the board against Black"
274,5,0,0,5,2,knight and Queen are both attacking it
275,5,0,0,5,2,Instead they often playing this fun killing move Knight f6
276,5,0,0,5,2,getting the knight out of this attack 
277,5,0,0,5,2,if white continues development
278,5,0,0,5,2, black is very happy so magnus just continues attacking with h5 now 
279,5,0,0,5,2,even though white is better here tall considers that under under time pressure there is no way to play this position with white
280,5,0,0,5,2,94 attacks the queen and after the Queen moves
281,5,0,0,5,2,"In this state, white has a stronger and more desirable position than black"
282,5,0,0,5,2,It is very hard to find the defensive move for black in this position
283,5,0,0,5,2,b4 to offer white more chances
284,5,0,0,5,2,feeling oh my god what how is that a draw by repetition oh my god look who came in this room
285,5,0,0,5,2,"Well, black does have to defend this and also he has to figure out a way how to castle so he plays Queen to f6 preparing knight to e7"
286,5,0,0,5,2,the Queen finally has to move it's best for blacks to just give up the night
287,5,0,0,5,2,white is improving his position by using a double attack on black
288,5,0,0,5,2,it can you know take this long diagonal and attack the Queen side of black
289,5,0,0,5,2,d5 black can't really go for any advantage with the d5 so he goes for tonight to seize the knight
290,5,0,0,5,2,coming with the threat of f3 winning the Queen very unpleasant position for black on the other hand 
291,5,0,0,5,2,"At this current state, white is more likely to win this game than black "
292,5,0,0,5,2,Black #chess team obliterated by #DanishGambit after major swap-down leaves all black’s remaining pieces on their original squares!!
293,5,0,0,5,2,oh my god maxime tricked him holy crap oh my god here comes everyone yelling at dan
294,5,0,0,5,2,if black King will go to c6
295,5,0,0,5,2, material is equal but White's pawn structure is somewhat shattered and the black would definitely have an advantage in this game
296,5,0,0,5,2,black's being a bit greedy which is quite interesting with that f file is quite interesting with that f file
297,5,0,0,5,2,Almost all of Spassky's forces must defend the poor black pawn on d5
298,5,0,0,5,2,I wonder what white was planning against this move Queenie for Czech attacking the bishop
299,5,0,0,5,2,this will be much better for white but even if black doesn't want to go for this immediate a6 white doesn't have to go
300,5,0,0,5,2,it would be just an excellent position for white
301,5,0,0,5,2,what we see on the board is that white is a pawn up and White's King is still safe while black King cannot say the same
302,3,2,1,0,0,"""@Blackman38Tide: @WhaleLookyHere @HowdyDowdy11 queer"" gaywad"
303,3,3,0,0,0,"""@CB_Baby24: @white_thunduh alsarabsss"" hes a beaner smh you can tell hes a mexican"
304,3,3,0,0,0,"""@DevilGrimz: @VigxRArts you're fucking gay, blacklisted hoe"" Holding out for #TehGodClan anyway http://t.co/xUCcwoetmn"
305,3,3,0,0,0,"""@MarkRoundtreeJr: LMFAOOOO I HATE BLACK PEOPLE https://t.co/RNvD2nLCDR"" This is why there's black people and niggers"
306,3,2,1,0,0,"""@NoChillPaz: ""At least I'm not a nigger"" http://t.co/RGJa7CfoiT""

Lmfao"
307,3,2,1,0,0,"""@NotoriousBM95: @_WhitePonyJr_ Ariza is a snake and a coward"" but at least he isn't a cripple like your hero Roach lmaoo"
308,6,3,2,1,0,"""@RTNBA: Drakes new shoes that will be released by Nike/Jordan.... Yes, there's glitter on the shoes http://t.co/QCtPLxHEXM"" ....dudes a fag"
309,3,2,1,0,0,"""@TheoMaxximus: #GerrysHalloweenParty http://t.co/3ycrSrnjHc"" Halloween was yesterday stupid nigger"
310,3,2,1,0,0,"""@ashlingwilde: @ItsNotAdam is bored supposed to be cute, you faggot?"" Sometimes"
311,3,2,1,0,0,"""@bigbootybishopp: @white_thunduh lassen cc , the coach wants me"" i feel it youll get more my nig no doubt"
312,3,2,1,0,0,"""@jayswaggkillah: Jackies a retard #blondeproblems"" At least I can make a grilled cheese!"
313,3,2,1,0,0,"""@jgabsss: Stacey Dash won &#128166; http://t.co/PDLG46rjOL"" baddest bitch evaaaa"
314,3,2,1,0,0,"""Don't worry about the nigga you see, worry about the nigga you DON'T see... Dat's da nigga fuckin yo bitch."""
315,3,3,0,0,0,"""Hey go look at that video of the man that found the kidnapped girls in Ohio........what a nigger"" - #shitmybosssays"
316,3,2,1,0,0,"""Let's kill cracker babies!"". WTF did I just hear???????? WOW."
317,3,2,1,0,0,"""My grandma used to call me a porch monkey all the time... Come to think of it she did refer to a broken bottle as a nigger knife"" &#128563;"
318,3,2,1,0,0,"""Nah its You @NoMeek_JustMilz: &#128514;&#128514;&#128514;&#128514; yo i thought some1 photoshopped my face on that faggot smmfh...i hate yall"" http://t.co/5e2fkQ3Q2T"
319,3,3,0,0,0,"""Our people"". Now is the time for the Aryan race 2 stand up and say ""no more"". Before the mongerls turn the world into a ghetto slum. 1488"
320,3,2,1,0,0,"""These sour apple bitter bitches, I'm not fuckin wit em"""
321,3,3,0,0,0,"""We hate niggers, we hate faggots and we hate spics""-kkk rally"
322,3,2,1,0,0,"""We're out here, and we're queer!""
"" 2, 4, 6, hut! We like it in our butt!"""
323,3,2,1,0,0,"""Who the fuck you callin jiggaboo, nigga?!"""
324,3,3,0,0,0,"""Why people think gay marriage is okay is beyond me. Sorry I don't want my future son seeing 2 fags walking down the street holding hands an"
325,3,2,1,0,0,"""You ain't gunna do shit spear chucker"""
326,3,2,1,0,0,"""You ol trout mouth ass bitch"" 
DEEEEAAAADD"
327,3,2,1,0,0,"""ayo i even kill handicapped and crippled bitches/look at my scalp real close and you'll see triple sixes"""
328,3,2,1,0,0,"""fuck you you pussy ass hater go suck a dick and die quick"" - Someone, to me, in Youtube comments. I think we'd be good friends."
329,3,2,1,0,0,"""on my way to fuck your bitch in the name of The Lord"" - Mr. Race"
330,3,2,1,0,0,"""poor whitey"" http://t.co/3UkKeyznz8"
331,3,2,0,1,0,"#AZmonsoon lot of rain, too bad it wasn't enough to wash away the teabagger racist white trash in the state. #Tcot #teaparty #azflooding"
332,3,3,0,0,0,#California is full of white trash
333,3,2,1,0,0,#California is full of white trash who moved from #Oklahoma
334,3,2,0,1,0,#DTLA is trash because of non-Europeans are allowed to live there.
335,3,2,0,1,0,#Dutch farmers are white trash.
336,3,3,0,0,0,#Dutch people who live outside of #NewYorkCity are all white trash.
337,3,2,1,0,0,#Iowa is full of white trash
338,3,2,1,0,0,#JesusChrist was STRAIGHT&gt; That's why the #faggots killed him. #PERIOD #SonOfGod&gt;
339,3,3,0,0,0,#Minnesota is full of white trash
340,3,2,1,0,0,#ReasonsWeCantBeTogether if u was talkin to my nig or smashed da homies
341,3,2,1,0,0,"#RebelScience ......is using an ACTUAL WOMAN as a genetic engineering lab for ""all natural clones""..... or something...... #faggot #rome"
342,3,2,1,0,0,"#SlightlyAdjusted RT @CapoToHeaven Alls niggers wanna do is fuck, tweet, and drink pineapple soda all day"
343,3,2,1,0,0,#SomethingIGetAlot Are you... asian? black? Hawaiian? gay? retarded? drunk?
344,3,3,0,0,0,#SouthCarolina is full of white trash
345,3,2,1,0,0,#ThingsIWillTeachMyChild how to play deez niggas n bitches dat be snakes
346,3,2,1,0,0,"#TrayvonMartin referred to Zimmerman as a ""creepy ass cracker"". Racist thug."
347,3,2,1,0,0,"#TweetLikePontiacHolmes&#160;
I do the Pontiac sprinkler...

Nigga nigga nigga nigga spic spic spic spic nigga nigga nigga nigga"
348,3,3,0,0,0,"#VinitaHegwood can get a job at the naacp. Or as The AG. I hear they like ""diversity and tolerance"". As long as you ain't a cracker #tcot"
349,3,2,1,0,0,#Virginia is full of white trash.
350,3,2,1,0,0,#WestVirginia is full of white trash.
351,3,2,0,1,0,"#faggots are MERELY a #scientific indicator that SOMETHING IS WRONG&gt; Do not celebrate as ""unique indiviuals"" for they are #cancer&gt;"
352,3,3,0,0,0,#firefighter is a job for white trash
353,3,2,0,1,0,#milesthompson #goauche #wetback #ca http://t.co/g3Ze8bqLPG
354,3,2,1,0,0,&#128514; &#8220;@BossmobbE: Racist all month .. Fuck u honkey&#8221;
355,3,2,1,0,0,&#128514; RT @TheOnlyReed: LMFAO RT @Tone314: If you watching porn &amp; beating off &amp; yo homie text u &amp; it show his name in the banner you're a faggot
356,3,2,1,0,0,&#128514;&#128514; fucc nicca yu pose to be pullin up
357,3,2,1,0,0,"&#128514;&#128514;&#128514; i just said that RT @BoyThats_ARYAH: My TL gotta chill with this pretty face challenge foolishness, y'all hoes agg"
358,3,2,1,0,0,&#128514;&#128514;&#128514;RT @kwagiheath: Them 1st 48 Charlotte goon niccas gon Fkkk around and burn Bank Of America stadium down&#128293;
359,3,2,1,0,0,&#128563; RT @KingHov1313: They recruited buku fags in here!&#128563;...a warehouse is no place for them!&#128530;
360,3,2,0,1,0,"&#193;lbum de fotos: gaywrites: In the Making, a project by and for queer students at Harvard, highlights the... http://t.co/XZQ9XmaQTf"
361,4,3,1,0,0,&#8220;@AlexaDelsanter: This is awkward u fag @corleyhuff @vitchhhh http://t.co/HUDOhA6YQe&#8221; wonder who's awesome tank that is &#128522;
362,3,2,1,0,0,"&#8220;@BixxhMakeMeRich: If u ask me, every bitch gay&#8221;or ""bi"""
363,3,2,1,0,0,"&#8220;@Crowdifornia: We agree... do you? http://t.co/4diz5NKYMN&#8221; FUCK YES, I DO! Send those illegal, wetbacks home!!!"
364,3,2,1,0,0,"&#8220;@DickFurari: HELL YA THEY SHOULD MAKE MORE MALT LIQUOR ADS LIKE THIS. http://t.co/H0JGORtnF8&#8221;

- Dis be heaven fo a colored man"
365,3,2,1,0,0,&#8220;@FreddieGibbs: Tea bag a bitch.&#8221; Pahahaha
366,3,2,1,0,0,"&#8220;@FunnyPicsDepot: ""fucking white people"" http://t.co/uyjGzuX4Cc&#8221; bitch wut?"
367,3,2,1,0,0,"&#8220;@GlitteredInPink: @West305 you like 5'8, you needs to&#8221;....1. You a hoe. 2. i'm 5'10(breaking11) 3.suck my dick."
368,3,2,1,0,0,&#8220;@MILF_chronicles: Dudes shaving without it being for an athletic purpose is gay af&#8221; you're retarded.
369,3,3,0,0,0,"&#8220;@Maxwell_Larsen: When you live this gay, you can't be afraid of two black dicks in your butt"" you fucking queer"
370,3,2,1,0,0,"&#8220;@MikeyPDaCav5: I love the song ""John Doe"" #dope&#8221; @MirandaWigley @edenbaby101 faggots"
371,3,2,1,0,0,&#8220;@MoffettMM: Just got done with my last final and I'm walkin around campus like I own this place&#8221; queer.
372,3,2,1,0,0,&#8220;@My_Fish_Died: You dammn Weed potheads are annoying af on Twitter&#8221; weed and pot are the same thing faggot
373,3,2,1,0,0,&#8220;@NiHao_Rocky Who is she? RT @DrTruth247: Y'all hype that bread loaf chick up but I'm a chill&#8221; a dyke rapper
374,3,2,1,0,0,&#8220;@NiggaImTatted: Cowboys win games during the regular season but when they get to the playoffs that trash af lol&#8221; hating ass nigga
375,3,3,0,0,0,"&#8220;@NoChillPaz: White kids favorite activities
1. Calling people ""niggers"" on Xbox
2.fucking their pet
3. Shooting up their school&#8221;"
376,3,2,1,0,0,"&#8220;@SimplyHype: @kobebryant shut the fuck up, you fucking trash nigga, work on another ring&#8221; http://t.co/6RleNKR7EE"
377,3,2,1,0,0,"&#8220;@TP_Three: @WestSideFlee @KekePalmer damn they got wifey &#128561;&#128561;&#128534;&#128534;&#128555;&#128553;&#128553;&#128553;&#8221;

Fall back nigga &#128299;.. I don't share my hoes"
378,3,2,1,0,0,&#8220;@_BitchBUH: Shoot that nigga and his shorty bitch &#128299;&#128514;&#8221; &#8252;&#65039;&#8252;&#65039;
379,3,2,1,0,0,&#8220;@_honeysays: My phone charging backwards &#128533;&#8221; retarded
380,3,2,1,0,0,&#8220;@alicia_688: You aint special niglet RT @Vice504fly: When I'm chilling wit Greg ppl walk up to me to ask me to take pics&#8221;hatin
381,3,2,1,0,0,&#8220;@boojieque: &#128514;&#128169;RT @WebbMadeThis: Lemme find out you niggaz letting bitches shit on yo faces&#8221; &#128557; niggas is weirdos
382,3,2,1,0,0,"&#8220;@dnumberbefore2: &#8220;@Vice504fly: @dnumberbefore2 u a regular nig, u played out b&#8221; lol ima b Ig famous&#8221;these days that counts for somethin"
383,3,3,0,0,0,"&#8220;@iamkrause: No need to thank me, killing niggers is it's own reward.&#8221; 

Dis my pal from our graduation when we was 26"
384,3,2,1,0,0,&#8220;@kaylendenise_: I hate that bitch &amp; the fact that oomf likes her.. just no &#128528;&#8221; retweeettt 1000x.
385,3,2,1,0,0,&#8220;@kitty_hello14: @Im_Yung_Jay &#127850;&#127850;&#127850;&#127850;&#127850; bitch ass nigga fuck you ! &#128079;&#128079;&#128079;&#128079;&#128079;&#128077;&#128077;&#128077;&#128077;&#128077;&#8221; &lt;= these hoes ain't got no manners #RealTalk
386,3,2,1,0,0,&#8220;@medaOriginBitch: That one friend who you greet with an insult.&#8221; @MorbidMermaid @EvanBecker513 niggers
387,3,3,0,0,0,"&#8220;@rocafella123 ""@waymoflydenu: If fleek in yo vocabulary you a faggot""&#8221;"
388,3,2,1,0,0,&#8220;@spannerhead29: @VertrellCarter #faggot&#8221; #Respect
389,3,2,1,0,0,"&#8220;@thejanicexxx: o u unfollowed me so i can't dm u, so i'll say it here, you're a rude cunt lmao&#8221; you can dm me"
390,3,2,1,0,0,&#8220;@ttevy_8: i want affection 24/7 but i also want to be left alone 24/7... do you see the issue here?&#8221;fag
391,3,3,0,0,0,&#8220;@waymoflydenu Why yall think its ok to be faggots?&#8221; and want us to be cool with them
392,3,2,1,0,0,&amp;when they say him they mean dyke Ron #wcw http://t.co/VV4DUMMe4A
393,3,2,1,0,0, Don't sleep on ma niggah CHood &#128076; @CharleyHood &#128175;&#128175;
394,3,2,1,0,0, Happppppy Birthdayyyy &#1041191;&#1041196;&#1043215; lol . Niggahs is really 21 in this bitch &#1043358;&#1041219; . http://t.co/YatU7pbsHX
395,3,2,1,0,0," If this ugly ass niggah can be with her , I can too . Tf she with Chuu Baka for anyways this niggah look like a... http://t.co/lVNDRDPpQT"
396,3,2,1,0,0, This niggah pharrell or whatever this niggah name is don't deserve shit for that white ass gay song .
397,3,2,1,0,0,"Damn you, whitey!' You'll get a kick out of the 'newest form of white privilege' http://t.co/zLpFZsITOm"
398,3,2,1,0,0,"*goes to olive garden*
*Turns into a cracker*
""@gIacier: *goes black friday shopping*

*turns into a nigger*"""
399,3,2,1,0,0,",@KiroGx me gusta ""typing like a retard to make the other person look dumber by pretending to agree with them"" bazinga"
400,3,2,1,0,0,------&gt;RT @Maxin_Betha @HumbltonBanks ankle socks in general are for the faggots bro
401,3,3,0,0,0,...aaaaaaaaand it begins. RT @RileydaKafka: Fucking niggers that's all Kentucky is and ever will be
402,3,3,0,0,0,"...you're white, aren't you? *rolls eyes* RT @DidntDoNuffin: @DreaaaLove RIP to my NIGGA Trayvon, a worthless spear chucker"
403,3,2,1,0,0,2 beer queer
404,3,2,1,0,0,2 hoes 1 dyke
405,3,3,0,0,0,"4 old hoes, a ponk, and a dyke outchea having ""girl talk"""
406,3,2,1,0,0,5000 white men in pick up trucks screaming nigger and my coach got the nerve to get mad I missed the free throw &#128514;&#128514;&#128514;
407,3,3,0,0,0,"8/16/14 MO @GovJayNixon let &#8220;kill some crackers, kill their babies"" New Black Panthers hijack his #Ferguson presser http://t.co/z2Wko9Ripz"
408,3,2,1,0,0,@05proFESSOR I bet he's a Starbucks queer
409,3,3,0,0,0,@2014samanthaKay good enough fag
410,3,2,1,0,0,@AGreasyMonkey @Huntermoore faggot
411,3,2,1,0,0,@AlfieHeydrich but I live in the South. Lot more here. My pop lives in Rhode Island. Hardly no niggers there.
412,3,2,1,0,0,"@Alicia112794 So basically you like the background music, fag."
413,3,3,0,0,0,@AmericanWhiteHM I hate that nigger.
414,3,3,0,0,0,"@AmericanWhiteHM Those niggers disgust me. They should have dealt with 100 years ago, we wouldn't be having these problems now."
415,3,2,1,0,0,@AnUglyNigga this is retarded
416,3,2,1,0,0,@AndreBerto can't wait for more PEDS is that it? Roid munching faggot
417,3,3,0,0,0,@AndrewJBurns1 @Tommy_Russell_ homo ass crackers
418,3,2,1,0,0,@AnimeKing420 fight me 1 on 1 ur choice of game faggot see what happens
419,3,3,0,0,0,@Anony386 @TurnToLive @Tweenki_ they are wrong you are a nigger always causung mischief among ur own people
420,3,3,0,0,0,"@AnthonyCumia 
You be totally correct Anthony. Can&#8217;t be livin round dem colored folk. Day be bringin down da hood and dem propery value"
421,3,3,0,0,0,"@AntonioFrench The ""You&#8217;re going 2have 2 KILL crackers &amp; their babies&#8221; New Black Panthers #CredibilityShot #FergusonRiot #Justice4MikeBrown"
422,3,2,1,0,0,@Arbogucci guys not supposed to get their ass sucked queer
423,3,2,0,1,0,"@Aryanliving Welcome to the movement. Anyone who gets even minor publicity is a queer, fed, or jew (well, according to the internet)."
424,3,2,1,0,0,@AtBlackface @MrMooncricket @UncleUnco @BobbyBotsods @FuckTheMallcops @RacistNegro69 ape? Fuck u broke ass racist
425,3,2,1,0,0,@AustinG1135 I do not like talking to you faggot and I did but in a nicely way fag
426,3,2,1,0,0,"@AustinG1135 answer my snapchat faggot 
#butthurt"
427,3,2,1,0,0,@AyeFuckWoody @coryburgess87 do i literally eat asshole for a living? is that what i actually do faggot? You seem a little confused..
428,3,2,1,0,0,"@BGALLY17 so ur faggot teammate @BrandonPrust8 hits someone late like that and U say he's yapping and yelling, u guys def 69 in the room"
429,3,2,1,0,0,@BarackObama @MarchForInnov send them damn beaners back where they belong n the US aint it
430,3,2,1,0,0,@Barbod6FCB @_cblaze @ODDBEAST cracker jack shut the fuck up
431,3,2,1,0,0,@BeyondTomcat you'd like that wouldn't you fag
432,3,2,1,0,0,@Bidenshairplugs He looks like a fag and his time line is boring Zzzzzz
433,3,3,0,0,0,@BillionaireCrow @Neelahrelates your what's wrong with the white race you fuckin coon slaying piece of poop please die alone
434,3,2,1,0,0,@Blackman38Tide lmfao go to bed whitey &#128129;
435,3,2,1,0,0,@BloggerBoxing @rianscalia pass the Fosters faggot
436,3,2,1,0,0,@BloggerBoxing yea....what did it do for Maidana? It made him a greedy faggot loser. Atleast Broner is black...
437,3,2,1,0,0,@BossAce555 @Sounds_good_bro @BloggerBoxing yea u stupid faggot. I'm not leaving till like 5-6pm. Want a ride?
438,3,2,0,1,0,@BossMelle never followed him ignorant monkey
439,3,3,0,0,0,@BraxCity29 @maria_obregon_g @sophia_freeman1 3/4 of a citizen. I said it for you maria you spic
440,3,2,1,0,0,@BreeOlson @Gingerbeard66 your a nasty nigger whore
441,3,3,0,0,0,@Brenddan_ they said some bullshit. Damn niggers
442,3,2,1,0,0,@Brenddan_ wow!!! Are you comin back up here? &#128514;&#128514;&#128514;&#128514; they some bitch niggas
443,3,2,1,0,0,@Briana_Rashae I'd like to rape the bitch that posted that.
444,3,2,1,0,0,"@Brice2254 Fuck you, faggot."
445,3,2,1,0,0,@Brizgotti These new nigga hipster hypebeasts love all these faggot ass bright colors and Nike keeps giving them what they want smh
446,3,3,0,0,0,@Buckm00se @letsargueboxing sand nigger ran over some Kidd
447,3,3,0,0,0,@Buckm00se I don't like the sand nigger but it's entertaining like 6 knockdowns
448,3,2,1,0,0,@Buckm00se Joe Cortez is the ultimate faggot that fight proved it
449,3,2,1,0,0,@Buckm00se all us beaners were pissed like robert when the jew ref stopped it
450,3,2,1,0,0,@Buckm00se true sand niggers &amp; bum Brits claim he's a ATG hall of fame legend smh
451,3,2,0,1,0,@CBSThisMorning @charlierose racist @NorahODonnell tx trash racist why wld u intvw @MittRomney n ask racist questions itwas so disrespectful
452,3,3,0,0,0,"@CHARLESBARRKLEY hey Sir house nigger, uncle tom aren't you from grand ole Mississippi, I rest my case!"
453,3,3,0,0,0,@Campos_uli is a fag #hesgay
454,3,2,1,0,0,@CarelessOne92 you styl gotta get dem tweets off my nig
455,3,3,0,0,0,@ChaleCarlo5 fuck outta here and go put some more trash ass ink on your faggot ass self pussy
456,3,3,0,0,0,@ChaleCarlo5 stay talking defending your fuckboy ass boyfriend or what? go suck him off while youre at it faggot
457,3,2,1,0,0,@ChandailBailey @SteeZeyFLOW @HunturPls you need to accept the fact that you're both hipster faggots.
458,3,2,1,0,0,"@CharleeRedz13 your gay stfu, dumb monkey"
459,3,2,1,0,0,@ChaseBasford chase you God damn faggot &#128514;&#128557;&#128514;&#128557;
460,3,2,0,1,0,@CheCha__ be gone my nigguh
461,3,3,0,0,0,"@Cheesus85 @greyyygoose faaaaggggottttt, speaking with the blonde hair and confused, you're a hypocrite, cuz you're a faggot"
462,3,2,1,0,0,@Chink_19 shut up chink.!!!
463,3,2,1,0,0,"@Chris_Anzueto @Josh_Mackey15 you call someone a faggot and then say to kill themselves, you are a pathetic human being. A fucking disgrace."
464,3,3,0,0,0,@Christian_ESEM you don't know what your talking about retarded faggot
465,3,2,0,1,0,"@Cody_smith64 true! I miss yall man, yall are my brothers. Is mikey starting? And what about the chink? Lmfao"
466,3,2,1,0,0,@CrackerJhak Because you're a fag
467,3,2,1,0,0,@CsSalazar15 wetback &#128513;&#128514;&#128514;&#128514;&#128514;&#128557;
468,3,3,0,0,0,"@DaRealAlexInLA @Woody_AFC @Rodriguez5_ the nig is fun to watch got to admit, ebola boy can speak broken Spanish too lol"
469,3,2,1,0,0,@DangItsTiff you look like fucking shrek bitch
470,3,2,1,0,0,@DanielSizelove @Conrad_MLG get on cunt
471,3,2,1,0,0,@DarienDaywalt bitch shut the fuck up goddam your a slut bitch whore nigga
472,3,2,1,0,0,@Darienbaby_xoxo jk I'd fuck a dog before I fuck you fish pussy
473,3,2,1,0,0,@DatBoyRayT because if you support lesbians you have to support faggots there's no difference.
474,3,2,1,0,0,@DavetheBrave1 that hoe on some other shit bro rt and 100x better rn that a nigga high
475,3,2,1,0,0,@DeezNutsDoe I'd hate feeling like a faggot too punk ass hoe
476,3,2,1,0,0,@DeezNutsDoe how about you wash my butthole out with your tongue you little faggot
477,3,3,0,0,0,"@DefendWallSt Whatever! Fuck all those assholes. They're niggers, they all look alike to me."
478,3,2,1,0,0,"@DefendWallSt those little #ISIS faggots usually have bags over their heads anyway. 
Makes bullet placement interesting thru a scope."
479,3,2,1,0,0,@Derek_Kirchner7 @tori_mills02 fags&#128567;&#128567;
480,3,2,1,0,0,"@DestroTheNoble @nekolin purple &amp; pink....for the faggots who want to be protected...by the police, instead of BEARING ARMS if need be!"
481,3,2,1,0,0,@DevilFzyq @DevilElyie @TehDevilClan shut up fag
482,3,2,0,1,0,@DjChubbESwagg this like a retarded wu-tang clan
483,3,2,1,0,0,@DolanGang beans u beaner?
484,3,2,1,0,0,@DolanGang you wouldn't know fag
485,3,2,1,0,0,"@DonnerKay @surlyrevenant An enraged 6'4"" 290 lb Mike Brown lethal weapon on legs.His hatred 4 the police &amp; whitey added fuel 2 his arsenal"
486,3,2,1,0,0,@Drfreezeburnn @DaithiDeNogla I just learned how many retards you can find when you search trending topics.
487,3,2,1,0,0,@Drfreezeburnn That's not bias. It's an objective fact that Philly fans are cunts.
488,3,3,0,0,0,@EleyCome_EleyGo @caykelly16 movies don't matter as long as you do coon shit with coons you're a nigga!
489,3,2,1,0,0,"@EnglishBrit123 sounds like a good idea. But I want my word to be spread. Jews, niggers and commies alike."
490,3,2,1,0,0,@ErinTaylor14 @BRios82 you both sure do You want to give a free pass to every border jumper in this country you two are what's wrong here
491,3,2,1,0,0,@EvanBecker513 @_TriggaPlease_ @MorbidMermaid @zooyorkinit @_ShayisdaBOMB_ @Rainbowblake because she's a nigger
492,3,2,1,0,0,@EvanDMyers @nineinchessoft you have a redneck attitude. The same people that think Benghazzi is real think Fox fake nws is real. Your one
493,3,2,1,0,0,@Fardousaa becuz no man should celebrate his bday at a drreams #faggot
494,3,2,1,0,0,@Fit4LifeMike @chanelisabeth hoe don't make me put up screenshots of your texts to me hoe
495,6,4,1,1,0,@Flow935 jus wanted to let y&#225;ll know hope the hurricane kills your soca sunday trash #LORDWILLIN
496,3,2,1,0,0,@FrankieJGrande ew queer white thirsty bitch
497,3,3,0,0,0,@FrankieJGrande fugly queer white trash
498,3,2,1,0,0,@FrankieJGrande omg gtfo white faggot
499,3,3,0,0,0,@FreddyAmazin ratchet looking nigger
500,3,3,0,0,0,@FreeAJay you understand you look like a real life dyke right? Like you look like a WNBA dyke bro. A sports bra &amp; bball shorts wearing dyke
501,3,2,1,0,0,"@Fromtheshwa yes now get off twitter, you lame negros should have never learned how to use the Internet"
502,3,2,1,0,0,@FuckBoiRik hahahaha youza fuck wigger
503,3,2,1,0,0,"@Fugazi3011 ""leave you beaner retard"""
504,3,2,1,0,0,@Garner_412 heyyyyyyyyyyy fag boy am I gonna watch you play?
505,3,2,1,0,0,"@GeneTNBARockBox Says the old man :( I hope you can survive another 10 years, you silly Jigga boo monkey"
506,3,2,1,0,0,@GlitteredInPink hoe don't tweet me
507,3,2,1,0,0,"@GoDaddy Hope you guys do get attacked for supporting SOPA, bunch of dirty snake faggots."
508,3,2,1,0,0,"@God_loves_biebs Go pray in a church or something fag, no one cares about your religious bullshit."
509,3,2,0,1,0,"@Godsmack_Music @iTunesMusic @iTunes That band is white trash, and only white trash would buy that album."
510,3,3,0,0,0,@GossipCop Julie tell them crybaby blacks to get someone blk. and dress them up white faced......niggers always whining!
511,3,2,1,0,0,@GrizzboAdams @wyattnuckels haha ight nig calm yoself
512,3,2,1,0,0,@GrizzboAdams fucking block your white ass because you try to start shit like a fucking queer so fuck you NIGGA
513,3,2,1,0,0,@GrizzboAdams ight nigga haha fucking queer has to clear his schedule
514,3,2,1,0,0,@GrizzboAdams roid rage much faggot?
515,3,2,1,0,0,@Gutierrez_Alf legit retard
516,3,2,1,0,0,"@HarveyLevinTMZ @sly309 they want what I got, I want what they got, America.they got the word nigger, I want it to"
517,3,3,0,0,0,@HeauxmerSimpson I'm jus tryna vaca away from the niggers bro.
518,3,2,1,0,0,"@HeilSidious Sion is a faggot. Very meh ganks pre-6 and post-6 his ganks are still pretty meh he's just a tank, nothing special imo Mao +"
519,3,2,1,0,0,@Herfarm @SteveWorks4You @TheDemocrats your low info redneck dumbasses vote for these corporate shills that idiots like you believe #dummies
520,3,2,1,0,0,@Herfarm Move out of our country teabaggers!
521,3,2,1,0,0,@HollowDaDonLOM those god damn chinks. http://t.co/Bi6fgP5vGo
522,3,2,1,0,0,@Hovaa_ #niggerfood #niggerperson #you #are #a #nigger
523,6,4,2,0,0,@Hovaa_ ok wat ever u say whitey. u prolly never even seen shaft.
524,3,3,0,0,0,@Hovaa_ shut up lizard faggot nigger cunt
525,6,6,0,0,0,@Hovaa_ ya I know all the slang I'm racist I h8 porch monkies
526,3,3,0,0,0,@HuffingtonPost if the faggots can have a page y cant they?faggots offend me more than them
527,3,2,1,0,0,"@HuffingtonPost im American, don't give 2 shits about the beaners, ship them beaners back"
528,3,2,1,0,0,@HuffingtonPost y don't that bitch just shoot herself? so sick of all those whores!
529,3,2,1,0,0,@Hunglikerobby_ that was so gay. And I was tanning bitch. Juvie made me white
530,3,3,0,0,0,@Huntermoore happy cuz I woke up white and not a nigger!
531,3,2,1,0,0,@Huntermoore nigger!!
532,3,3,0,0,0,@IDisDummies Can you speak one coherent sentence without sounding like a nig? Seriously.
533,3,2,1,0,0,@IGGYAZALEA it was a joke you fugly bitch be happy uncle snoop even acknowledged your nasty ass lmao
534,3,2,1,0,0,"@IWantHis_Heart Ok u fat precious lookin ass bitch, u big fat back at the barnyard lookin ass bitch. I can fix my grammar but u still fat"
535,3,2,1,0,0,@IamShady_ that's not even a real word! Must have hit a blunt and started making up shit with your nigger ass lol
536,3,2,1,0,0,@Iemonaids done that spell check we know you meant fat liberal Dyke feminist Nazi bitches
537,3,3,0,0,0,@ImToBlame you a fatherless wallet carrying ass video game playing ass negro breh. You filth. No way you can afford to date a #TwitterHoney.
538,3,2,1,0,0,@Im_Thirst randies are fags
539,3,2,1,0,0,@ImpactParasite just fuckin roasted this faggot
540,3,2,1,0,0,@InTheOvenJews @SlaveCatcher88 @marylene58 we should hang out ovenjew. Have a lot in common. People waste time on nigs. Jews r r problem.
541,3,2,1,0,0,@InfidelAlie that should read suck on my bacon encrusted middle finger Muslim twats
542,3,2,1,0,0,@ItsKeeshKapeesh *yourself *faggot buy a dictionary
543,3,2,1,0,0,"@ItsMander @kfc
You can always gets da colored folk back in da cage wit da KFC"
544,3,2,1,0,0,@ItsYOUR_man nothin much cousin touching white trash wigger wannabe bitch boy dick sucking fucking gay bitch
545,3,2,0,1,0,@JGardenofEden @KySportsRadio @ryanlemond But...country music listeners really are hicks and alcoholics &#128514;&#128514;
546,3,2,1,0,0,@JMC2488 @jetsgreen @TB12FAN and fuck you too ya little bitch you look like a Mexican sucking a cock in ur profile
547,3,2,0,1,0,@JOLTNG niger
548,3,3,0,0,0,"@JPantsdotcom @Todd__Kincannon @the__realtony I'm partial, faggot..homo...both fairly describes the same sick twisted Assholes out there."
549,3,2,1,0,0,@JRise88 @G_Anderson4 what do you want fag
550,3,2,1,0,0,@JRise88 @LongLiveTylerD your a fag
551,3,2,1,0,0,@JRise88 shut up you stupid bitch
552,3,2,1,0,0,@JacobbBacker fag
553,3,3,0,0,0,@JacobbBacker you don't know shit about me faggot bitch
554,3,3,0,0,0,@JadeGreenleaf fag
555,3,2,1,0,0,@JaiBrooks1 faggot
556,3,2,1,0,0,@JaiBrooks1 not funny u faggot
557,3,2,1,0,0,@JaiBrooks1 ur brother looks so queer and ugly
558,3,2,0,1,0,"@JasonMoriarty13 I remember his nephew Lucas crying and dan saying ""quit being such a pussy and grow a pair"" or something. &#128514;&#128557; dans so funny."
559,3,2,1,0,0,@Jaytwofly @G_MUCKA good leave you stupid faggot
560,3,2,1,0,0,"@Jaytwofly huh, lol mad nigger is mad"
561,3,2,1,0,0,@JewelsAndDrugs9 @ladygaga @madonna lmao madonnas music sucks? yeah you're fucking stupid if you think gaga is better. retard
562,3,2,1,0,0,@JimBoberson happy birthday faggot
563,3,2,1,0,0,"@JizzAtTheScene and how am I assume shit 
,hmm cuz u don't know what fuck u talking about crackers these days."
564,3,2,1,0,0,@JoeDouglas1 I guess blaspheme to your Allah is ok if your pos muzzie huh? @JewJitsuGrl @efilnikcufecin7 @Darknight420
565,3,3,0,0,0,@JoeDouglas1 sit down and stfu raghead @Darknight420 @hajihuntingpat
566,3,3,0,0,0,@Joey_D26 sweet comeback u fuckin herb I dnt watch soccer but id still wax your bitch ass in it go swallow the red soxs kids ur from NYC fag
567,3,2,1,0,0,"@JuanYeeze damn took this dumb spic nearly 2 days to respond, wuz really good tho beaner?"
568,3,2,1,0,0,"@JuanYeeze shut yo beaner ass up spic and hop your faggot ass back across the border little nigga, go listen to some pitbull"
569,3,2,1,0,0,@JungleFeverFren fuck u nigger
570,3,3,0,0,0,@KLSouth @Miss_Didi23 is an evil hate whitey racist who thinks Delbert Belton deserved it. @MaryForbes14 @EnemiesofDonnaJ @StephAnnAnson
571,3,2,1,0,0,@KamRenee ugly nigger
572,3,2,1,0,0,"@KeebitHalal @LogansWarning gotta love it when the islamofascist cow tries to make a retort about age, typical muzzie idiocy"
573,3,2,0,1,0,"@Ken_GTH nahh , whatever you are spook or spic, I still don't like you . Good day"
574,3,2,1,0,0,@Kenny__Wright @itsfrankybitch @yoPapi_chulo so if your 17 and in high school you dont have your own house you fucking faggot
575,3,2,1,0,0,@Kevin_McAdams Because Ian's retarded
576,3,2,0,1,0,"@KingHov1313 i got a dyke wit a child as whse mgr, and she jus hired another girlboy dis week...."
577,3,2,1,0,0,@King_Albert21 @Ceto_13 u pulled.that queer shit as spon as u put no homo lol
578,6,4,2,0,0,"@KuntaKayne I have never seen such ignorant, illiterate pieces of shit in my life. Bring in Natl Guard &amp; disperse this trash. @bassem_masri"
579,7,6,1,0,0,@L1LTR4P fucking losers wetbacks #SorryNotSorry
580,3,3,0,0,0,@Legionary1488 @JomavaesJos now we have a Ebloa case in Texas. If we kill all the niggers we might be safe.
581,3,2,1,0,0,@LeonBaptist idk you into mouthy spics on welfare with 6 kids and 3 baby daddy's?
582,3,3,0,0,0,@Levi_Page I don't bend that way queer. Thanks for the offer it's flattering.
583,3,3,0,0,0,@LexVan13 go back to nigeria faggot
584,3,2,0,1,0,@Lil_A47 &#128514;&#128514;&#128514; you're a coon
585,3,2,1,0,0,"@LobstrThinkTank Yeah! Me too. My people, the women, laff at the set apart men... they love the real niggas or niggers."
586,3,2,0,1,0,"@LokiHulibele @mediacrooks @AamAadmiParty They have mix, not all are retards. AAP is Maoists, terrorists,Congies and delusional Retards"
587,3,2,1,0,0,@Lovelesslovely @Kwitchabichen25 hey aklve! Im taking out the black ghetto trash. Youre blocked nigger
588,3,3,0,0,0,@MakeAnothaHov T.o. was a faggot crybaby
589,3,2,1,0,0,@MarianCristinax you a fag b
590,3,3,0,0,0,@MarkHalperin @WSJopinion @BarackObama Anything to trash this black President!!
591,3,3,0,0,0,@MattHomeTeam - you know what you did you faggot. There are literally thousands of people that have you on their radar homo
592,3,2,1,0,0,@Matt_Petrie22 geta Life faggot
593,3,3,0,0,0,@Maxwell_Larsen your a cunt
594,3,2,1,0,0,@McwilliamsBrett shut your legs hoe
595,3,3,0,0,0,@MenachemDreyfus @NatlFascist88 @waspnse Shit your ass and shabbat your moms pussy u Jew bastard. Ur times coming. Heil Hitler!
596,3,2,1,0,0,@MilesM_05 shut up coon.
597,3,2,1,0,0,@MillerLite I don't follow you because everything about your company is white trash.
598,3,2,1,0,0,@Mimistheone You really seem to love Sandusky. Weirdo. Ur a creepy ass cracker!
599,3,2,1,0,0,@Mimistheone stop trolling me u creepy ass cracker!!!
600,3,2,1,0,0,"@Misplaced_Momma 
She be what we say in da hood white trash"
601,3,2,0,1,0,"@Misplaced_Momma 
Y&#8217;all whitey gots to PAY fo da preparations"
602,3,0,3,0,1,!!!!! RT @mleew17: boy dats cold...tyga dwn bad for cuffin dat hoe in the 1st place!!
603,3,0,3,0,1,!!!!!!! RT @UrKindOfBrand Dawg!!!! RT @80sbaby4life: You ever fuck a bitch and she start to cry? You be confused as shit
604,3,0,2,1,1,!!!!!!!!! RT @C_G_Anderson: @viva_based she look like a tranny
605,6,0,6,0,1,!!!!!!!!!!!!! RT @ShenikaRoberts: The shit you hear about me might be true or it might be faker than the bitch who told it to ya &#57361;
606,3,1,2,0,1,"!!!!!!!!!!!!!!!!!!""@T_Madison_x: The shit just blows me..claim you so faithful and down for somebody but still fucking with hoes! &#128514;&#128514;&#128514;"""
607,3,0,3,0,1,"!!!!!!""@__BrighterDays: I can not just sit up and HATE on another bitch .. I got too much shit going on!"""
608,3,0,3,0,1,!!!!&#8220;@selfiequeenbri: cause I'm tired of you big bitches coming for us skinny girls!!&#8221;
609,3,0,3,0,1,""" &amp; you might not get ya bitch back &amp; thats that """
610,3,1,2,0,1,""" @rhythmixx_ :hobbies include: fighting Mariam""

bitch"
611,3,0,3,0,1,""" Keeks is a bitch she curves everyone "" lol I walked into a conversation like this. Smh"
612,3,0,3,0,1,""" Murda Gang bitch its Gang Land """
613,3,0,2,1,1,""" So hoes that smoke are losers ? "" yea ... go on IG"
614,3,0,3,0,1,""" bad bitches is the only thing that i like """
615,3,1,2,0,1,""" bitch get up off me """
616,3,0,3,0,1,""" bitch nigga miss me with it """
617,3,0,3,0,1,""" bitch plz whatever """
618,3,1,2,0,1,""" bitch who do you love """
619,3,0,3,0,1,""" bitches get cut off everyday B """
620,3,0,3,0,1,""" black bottle &amp; a bad bitch """
621,3,0,3,0,1,""" broke bitch cant tell me nothing """
622,3,0,3,0,1,""" cancel that bitch like Nino """
623,3,0,3,0,1,""" cant you see these hoes wont change """
624,3,0,3,0,1,""" fuck no that bitch dont even suck dick "" &#128514;&#128514;&#128514; the Kermit videos bout to fuck IG up"
625,3,0,3,0,1,""" got ya bitch tip toeing on my hardwood floors "" &#128514; http://t.co/cOU2WQ5L4q"
626,3,0,2,1,1,""" her pussy lips like Heaven doors "" &#128524;"
627,3,0,3,0,1,""" hoe what its hitting for """
628,3,0,3,0,1,""" i met that pussy on Ocean Dr . i gave that pussy a pill "" &#128524;"
629,3,0,3,0,1,""" i need a trippy bitch who fuck on Hennessy """
630,3,0,3,0,1,""" i spend my money how i want bitch its my business """
631,3,0,3,0,1,""" i txt my old bitch my new bitch pussy wetter """
632,3,0,3,0,1,""" i'd say im back to the old me but my old bitches would get excited "" &#128524;"
633,3,0,3,0,1,""" if you aint bout that Murder Game pussy nigga shut up """
634,3,0,3,0,1,""" if you're toes ain't done you pussy stinks """
635,3,0,3,0,1,""" im done with bitter bitches its a wrap for that . if you a angry bird theres a app for that """
636,3,0,3,0,1,""" is that ya bitch """
637,3,0,3,0,1,""" it aint nothing to cut a bitch off """
638,3,0,3,0,1,""" jus meet son now he ya mane ass bitches "" #Shots"
639,3,0,2,1,1,""" lames crying over hoes thats tears of a clown """
640,3,0,3,0,1,""" like Snoop said in 94 we dont love these hoes """
641,3,0,3,0,1,""" most hated but the hoes favorite "" #2MW #SevenOne # http://t.co/BMdSVMc3rC"
642,3,0,3,0,1,""" nice girls bad, make me get naughty. Bad yello hoe, real nice body. Down south chick, like em real thick"" http://t.co/bzRDl3kF7U"
643,3,0,3,0,1,""" pimps up pimps up hoes down "" Future voice"
644,3,0,3,0,1,""" post a picture of that pussy get 200 likes """
645,3,0,3,0,1,""" pussy is a powerful drug "" &#128517; #HappyHumpDay http://t.co/R8jsymiB5b"
646,3,0,3,0,1,""" quick piece of pussy call it a drive by """
647,3,0,3,0,1,""" running round here like some brand new pussy thats bout to get fucked """
648,3,0,3,0,1,""" these bitches even worst they'll send them guys for you """
649,3,1,2,0,1,""" these hoes like niggas that spend money not talk bout it """
650,3,1,2,0,1,""" we dont trust these niggas all these bitches """
651,3,0,3,0,1,""" yall niggas b cuffing hoes cause yall aint never have bitches """
652,3,0,3,0,1,""" you dodge a bullet "" &#128517; &#8220;@DaRealKha: ""All da bitches I cut off pregnant or bound to be ....thank God &#128591;""&#8221;"
653,3,0,3,0,1,""" young Pill Chamberlain these bitches love my music """
654,3,0,2,1,1,"""&#128514;&#128514;&#128514;&#128514;&#128514;&#128514;&#128514;&#128514;&#128514;&#128514;&#128514;@VandalSavage_: Teanna Trump probably cleaner than most of these twitter hoes but........."""
655,3,0,3,0,1,"""&#128514;&#128514;&#128514;&#128514;&#128514;&#128514;&#128514;&#128514;&#128514;&#128514;@DaHomieFuzz: Gay niggas couldn't wait to act like bitches tonight"""
656,3,0,3,0,1,"""&#128514;&#128514;&#128514;@The_Paradox: And ima steal his cat n replace it with a pitbull &#128514;&#128514;&#128514;&#128514; RT @80sbaby4life: @The_Paradox He a bitch you should do it"""
657,3,0,3,0,1,"""&amp; he's gone always be a hoe"""
658,3,0,3,0,1,"""...Son of a bitch took my Tic Tacs.""

I like this movie."
659,3,0,3,0,1,"""..All I wanna do is get money and fuck model bitches!"" - Russell Simmons"
660,3,0,2,1,1,"""@2015seniorprobs: I probably wouldn&#8217;t mind school as much if we didn&#8217;t have to deal with bitch ass teachers"". Retweet"
661,3,0,3,0,1,"""@A7XDemery: I'm a fucking fag they said"""
662,3,0,3,0,1,"""@ARIZZLEINDACUT: Females think dating a pussy is cute now? http://t.co/VxBJg26Gsz"" how does doing this stuff make him a pussy?"
663,3,0,3,0,1,"""@AdoreBellaaa: Have ya ever asked your bitch for other bitches - kanye voice"" Yes"
664,3,0,3,0,1,"""@AdoreZoey: How u gone bring ur side bitch to a game where You know Ya gf friends at ?! &#128553;&#128553;&#128553;&#128553;"" I SWEAR!!!!!"
665,3,0,3,0,1,"""@Almightywayne__: @JetsAndASwisher @Gook____ bitch fuck u http://t.co/pXmGA68NC1"" maybe you'll get better. Just http://t.co/TPreVwfq0S"
666,3,1,2,0,1,"""@Almightywayne__: Fuck Red Malone man bitch ass niggah"" could you please use complete sentences?"
667,3,0,3,0,1,"""@AutoWorId: Hennessey Venom GT &#128584; http://t.co/i8eGMnKaJ9"" that's one sexy bitch"
668,3,0,3,0,1,"""@BOSSBYTCHH: Him seh me pussy wetter then a shower curtain....#ahmesehwetness""&lt;lmao!!"
669,3,0,3,0,1,"""@BRO_HEN314: #Eaglesnation and every #Eagles need to see that pic I just posted because that bitch just said the most racist shit"""
670,3,1,2,0,1,"""@BVSEDCHINK: Yo fuck skateboarding, all y'all some wood pushing faggots man, ball is life http://t.co/VBCzP6HMT7""
@AmJemieBenn"
671,3,0,3,0,1,"""@BaylaaGottaBody: &#128514;&#128514;&#128514;&#128514; I ain't shit ."" Damn Skippy lol"
672,3,1,2,0,1,"""@BeEasyJrizzy: u ever kill a ant on the sidewalk and think damn what if that nigga was on his way to get some pussy""No bs must b &gt;30%chance"
673,3,0,3,0,1,"""@BeenBasedB: @_KudaBrazyy http://t.co/LuUBGL9Y5u"" 0 rings 0 mvps 0 bitches lol"
674,3,1,2,0,1,"""@BeenFLYnSolo: ppl talk bad about the ghetto/hood ... but as a kid growing up, a nigga had funnnnnnn !"""
675,9,0,7,2,1,"""@BestProAdvice: The facts on tattoos...tattoo http://t.co/ZwnbhpDZ8e"" he's a pussy with not tattooing them nipples"
676,3,0,3,0,1,"""@Bill215_: &#128175;&#128175;&#128175; RT @nel_ayden Bitches be wanting to act like niggas so bad &#128553;&#128553;&#128553; that shit aint cuteeeee"" but niggas act like bitches.."
677,3,0,3,0,1,"""@BitchJones92: Get worshiping bitch! http://t.co/R37CejCjou"" woof woof"
678,3,1,2,0,1,"""@BlackChiquitita: Wow. RT @thatmanpalmer I'm lost. Are those buttcheek piercings? http://t.co/yn6guyOUQ6"" yeah she's a hoe"
679,3,0,3,0,1,"""@BlackNerdJade: Ok, sis."" She'd rather be a broke bitch? *shrugs* she'll have to tell me how it works for her"
680,3,0,3,0,1,"""@BrokenPiecesmsc: @ItsNotAdam faggot read my tweets after dat k"" it wasn't even funny lol"
681,3,0,3,0,1,"""@BrosConfessions: This bitch was so ungrateful http://t.co/06e77bGwbx"" fr ..... LULWHORE"
682,3,0,3,0,1,"""@CASHandBOOBIES: I been kidnapped yo bitch"""
683,3,1,2,0,1,"""@CCobey: @AydanMcCoy happy birthday nigs"" Thanks yo"
684,6,1,5,0,1,"""@CHlLDHOODRUINER: when ur teacher tells u that u have homework https://t.co/RKk5vawIj1"" this bitch need to go!!!"
685,3,1,2,0,1,"""@CaelanG15: ""@22EdHam: @CaelanG15 that nigga was eating that hoe lol"" Hell Yea lol john Paul"" nigga said john paul.. http://t.co/OSIpBKPr9h"
686,3,0,3,0,1,"""@CanIFuckOrNah: What would y'all lil ugly bald headed bitches do if they stop making make-up &amp; weave?"""
687,3,1,2,0,1,"""@CarelessOne92: Leafs better win this damn game so I can go riot and shit #EarlyChristmas"" you better start looting my nig"
688,3,0,3,0,1,"""@CauseWereGuys: Going back to school sucks more dick than the hoes who attend it."""
689,3,0,3,0,1,"""@CauseWereGuys: On my way to fuck yo bitch http://t.co/j906T5zE2R"" me as a 9 year old"
690,3,0,3,0,1,"""@CeleyNichole: @white_thunduh how come you never bring me food"" i dont have a car retard"
691,3,0,3,0,1,"""@ChadMFVerbeck: If Richnow doesn't show up with hella tinder hoes Im not his friend anymore"" chill I brought like like 8 prople"
692,3,1,2,0,1,"""@ChandlerParsons: How bout them Cowboys!!!!"" Shutup pussy"
693,3,0,3,0,1,"""@ClicquotSuave: LMAOOOOOOOOOOO this nigga @Krillz_Nuh_Care http://t.co/AAnpSUjmYI"" &lt;bitch want likes for some depressing shit..foh"
694,3,0,3,0,1,"""@Coley_Cee: @lil_aerii girl you know I was spitting that G shit to you &amp; you was going lbvs""bitch plz"
695,3,0,3,0,1,"""@Coley_Cee: Let me make a couple tweets off cuzzo page, so I won't get in twitter jail.""lmao bitch don't trick me again"
696,3,0,2,1,1,"""@ComedyPosts: Harlem shake is just an excuse to go full retard for 30 seconds."""
697,3,0,3,0,1,"""@ComedyTruth: amen miley &#128591; http://t.co/P2Kb2tfyxr""okay, but she don't need to act like a hoe just bc she's ""emotionally damaged"" foh"
698,3,0,3,0,1,"""@CoryBandz: having one loyal female is wayyyyy better than having hoes , idc &#128175;"""
699,3,0,3,0,1,"""@Crhedrys: Pussy licking pussy.... meow meow #StopWhitePeople2014 &#128049; https://t.co/KeegDCjS5K&#8221;""""""""

&#128533;"
700,3,0,3,0,1,"""@DBAB_Holloway: Check out our 12th man. #CowboysNation"" even with all those faggot ny fans in the stands"
701,3,0,3,0,1,"""@DGotBricks: What happen to them vixen ent bitches"" they got ran and threw to the side like a foothill bitch"
702,3,0,3,0,1,"""@DaeDaviDavie: @white_thunduh im the bitch okay nudes pat &#128554;&#128527;&#128056;"" wow"
703,3,0,3,0,1,"""@DiamondLoudKush: The fuck be wrong with these bitches?"" Nobody knows"
704,3,0,3,0,1,"""@Dietrich1892: Yall shut up:p"" make me bitch"
705,3,1,2,0,1,"""@DionaIrish: I hate a ""I'm pregnant"" type of bitch."""
706,3,0,3,0,1,"""@DoYou_Q: Got bitches in the DM but I don't ever read'em"" which is y your top 3"
707,3,0,3,0,1,"""@Dommoneek: Little stupid as bitch I don't fuck with yoooooouuuu.."""
708,3,0,3,0,1,"""@DreadheadAri: she really asked me that dead ass serious tho, all i could say was ""bitch wheet"" LOL"
709,3,0,3,0,1,"""@Ferocious_Ghost: @1stName_Bravo Aw."" ...fag, don't tweet ""aw"" to me lol"
710,3,0,3,0,1,"""@Frosstyy_: @h0rheyd I didn't say anything tho"" kiss me then faggot"
711,3,0,3,0,1,"""@G27Status: I could go for a fat ass bitch on my lap"" same"
712,3,0,3,0,1,"""@GEDMelle: 17 missed calls!!!! &#128544;&#128545;""Das yo P.O bitch twitter finna be screamn #FreeMoneyMelle"
713,6,0,6,0,1,"""@GTM_Al: Ya side bitch gotta know it's rules to this shit..anybody ask you my cousin from jersey thinkin bout moving"" lmmfao &#128514;&#128514;&#128514;&#128514;"
714,3,0,3,0,1,"""@GagaTom1: &#8220;@MaleFoot: 3 | Amo los pies http://t.co/4QE1hDkK8i&#8221;"" fuck yeah"
715,3,0,3,0,1,"""@GirlThatsVonte: These hoes be thinking Meat won't slap they ass &#128564;&#128075;"" ainna bruh"
716,3,0,3,0,1,"""@GirlThatsVonte: Yall bitches wit no edges be doing the most talking &#128553;&#128564;&#9995;""&#128514;&#128514;&#128514;"
717,3,0,3,0,1,"""@GirlThatsVonte: Yall still going trick or treating this year or nah?""hell yeah ima be da sweet tooth bandit steal bitches bags n shit"
718,3,0,3,0,1,"""@Girllssues: I wanna have sex with my mom fuck her right in that pussy where I came from"" damn you got hacked like fuck"
719,6,0,6,0,1,"""@Gizzy_Jones94: If she kiss u with her eyes open watch that bitch!""lmfao"
720,3,0,3,0,1,"""@Goofstroop: You a woulda coulda shoulda ass hoe &#128563;&#128586;"""
721,3,0,3,0,1,"""@Gotti_LTF: Happy Bday Bitch Ass Nigga @JetsAndASwisher""preciate that bitch roll up!"
722,3,0,3,0,1,"""@HBMostDope: @1Jayee @PipinHoes used to send that bitch up"""
723,6,0,6,0,1,"""@HBMostDope: Ugly bitches be like I'm my own WCW duh bitch you ain't nobody elses&#128514;&#128514;"""
724,3,1,2,0,1,"""@HaloTGMG: @1stName_Bravo nigga you know we hacky sack hoes."" ...nah, I throw no look passes lmao"
725,3,1,2,0,1,"""@HeartlessFuck: Glad I'm getting outta Atlanta. Nothing but a bunch of niggas in &amp; outta jail &amp; dumb bitches with mad kids fuckin em."""
726,3,0,2,1,1,"""@HiImJoriB: I would wife a hoe only cuz we wouldn't care that we cheating in each other."" ...why force the relationship in the first place?"
727,3,0,3,0,1,"""@HornyFacts: Being single isn't an excuse to be a hoe."" @TheOneMiss_Luu"
728,3,1,2,0,1,"""@HoskinsTy96: White boy power bitch"" black power bitch"
729,3,0,3,0,1,"""@Hudgens_11: Lets get drunk, get blowed, spit shit spark blunts &amp; fuck hoes!"" Bro white dudes have no chill."
730,3,0,3,0,1,"""@IScoutGirls: @verbally_abrupt bitch where u been"" Around the world and back. Where you been?"
731,3,0,3,0,1,"""@ItsYahBoiRay: @anelylove if I don't get my dick sucked at yo party by a bad bitch I'm fr gone set it off &#128514;&#128514;&#128514;&#128514;"" *by @anelylove *"
732,3,0,2,1,1,"""@Itsyesie: #oomf is soooo cute. But he probably has hoes on him a lot."""
733,3,0,3,0,1,"""@JAYten9: In every cartoon theirs alway a @_nuffsaid15 saving these hoes lmao. http://t.co/9uKD8wtZ6x"" lmao damn captain SaveAHoe"
734,3,0,3,0,1,"""@JamesyNBA: I wish I was a bitch like my brother keezy &#128530;"" ooooow I bet you do"
735,6,0,6,0,1,"""@JasminePore: If you dressed up as a cat for Halloween you are basic."" ...or a pussy"
736,4,0,4,0,1,"""@Jewelxo: Can pornhub just get a gaming stream feature so these dumb bitches can gtfo"" @Pornhub get on it Katie&lt;3"
737,3,0,3,0,1,"""@JoeBudden: stop being scared to choke her during sex u bitch ass niggas. She&#8217;ll like it."". Says the guy who hits women out of bed. FOH"
738,3,0,3,0,1,"""@Johnny55Perez: @white_thunduh ha well iguess I make them hoes loyal bro"" theyll never be loyal that y they hoes my nig"
739,6,0,6,0,1,"""@KazAtta: @1TAKEHOV Oh man.. ""its 5 am, you off a molly, ho where the fuck ya seed at??"""" #fixed"
740,3,0,3,0,1,"""@KelsieBelsi: You're not a man if you refer to every girl as a bitch"""
741,3,0,3,0,1,"""@KeyshawnSwag: Lmfao this cat started beating the shit out of me"" my nigga finally got some pussy?!? MY NIGGA!!!"
742,3,0,2,1,1,"""@KingCuh: @16stanleys io io alu record ho vine sai pe hahahaha"" lol anywaaaaaays..... haha"
743,3,0,3,0,1,"""@KingHendo95: @VonDreaam naw it's my old tape. new cover . my upcoming mixtape is #KingOfTheHill"" Yeah I'm waiting on that hoe Mayne!"
744,3,0,3,0,1,"""@KingTeej_: Ol dirty foot ass bitches.."" this was too funny to me."
745,3,0,3,0,1,"""@King_Shawn_6: @white_thunduh that's where I get my yellow flags for being amazing &#128079;&#128524;"" HELL YEAH NIGGY"
746,3,0,3,0,1,"""@KissMySmilee: Don't got time for bitches to be actin iffy."""
747,3,0,2,1,1,"""@KyraNadiya_: These hoes ain't loyal ; no they ain't http://t.co/h1UBsVbkGl""

Smfh &amp; wonder why nobody decent wants them"
748,3,0,3,0,1,"""@LCisTJ: Bruh, you studs keep thinking I'm soft as hell. Ask ya girl how many times she screamed she was my bitch. Oh okay. STFU."" BYE HOE!"
749,3,0,3,0,1,"""@LODYCASH: dry pussy bitches always blame it on the condom&#128514;""&#128079;&#128514;&#128079;&#128514;"
750,3,0,3,0,1,"""@LUNAraps: shut yo bitch ass up! https://t.co/IemN1u0gm5"" &#128557;&#128514;"
751,3,0,3,0,1,"""@LaFlareGodJosh: Gucci Mane in jail and dropping mixtapes every month and you hoes can't even text back"""
752,3,0,3,0,1,"""@Latrobemark: You love these hoes more then money wats wrong these niggas"""
753,6,0,6,0,1,"""@LeBronVuitton: A loyal bitch from the burbs without daddy issues is like finding a holographic Mewtwo."" ...sounding like me over there lol"
754,3,0,3,0,1,"""@LiLFridayHOE: Easy cum, easy hoe"" That's a fact !"
755,3,0,3,0,1,"""@LifeAsBros: Charlie Sheen is too real http://t.co/gGGdK3kOV7"" major fucking respect for Charlie Sheen."
756,3,0,3,0,1,"""@Lightskingawdd: Wish I had a bae &#128533;""

You got all the hoes tho"
757,3,0,3,0,1,"""@Lil_Mike_12: Fuck twerking bitch can you cook ?"""
758,3,0,3,0,1,"""@Linniekravitz: @WesGodLaFlare bitch wtf"" http://t.co/DaSmycxODB"
759,3,1,2,0,1,"""@Lipe_the_Great: &#8220;@h0rheyd: ""@Lipe_the_Great: Shut up zoe"" fight me pussy&#8221; for zoe? I'm good, man."" You are good ma'am. Move along now"
760,3,0,3,0,1,"""@LolaaIsDope: Lmao fucking snake bitches"" @ em"
761,3,0,3,0,1,"""@Loveable_Aizah: Big booty hoes everywhere sheesh &#128525;"" damn &#127807;&#128064;&#127807;"
762,3,0,3,0,1,"""@MadFlyentist: Oregon chokes every year get off the field trash ass program"" RFT"
763,3,0,3,0,1,"""@MannyDiesel: Def not cowboy lol RT @ArtofFloyd: Terrell Owens was the best Eagle &amp; Cowboy ever"" ..dude cried like a bitch on tv, over Romo"
764,3,0,3,0,1,"""@Master11_: @20ToLife_ @GabrielaStarr How could u do this to me bitch"" potent"
765,3,0,3,0,1,"""@MegamindNick: @white_thunduh nah fam I gotta cheat with the hoes"" depends on the female i feel"
766,3,1,2,0,1,"""@Migsmichelen: This new twitter is confusing the shit out of me."" Go back to south america bitch"
767,3,0,3,0,1,"""@Miikito_x3: Toto means ass or vagina?""I think pussy cause toto santi is like nasty pussy"
768,3,0,3,0,1,"""@MikelaHenry: but what if he actually does choose the ugly bitch over you? &#58381;""Her ass must be fat!"
769,3,0,3,0,1,"""@MileyCyrus: bitch couldn't kill my vibe if ya tried. &#127752;&#127752;&#127752;"" dis why i love miley :*"
770,3,0,3,0,1,"""@Montrell_: I'm tired of bitches saying I look mean.. &#128530;"" nigga you big af, wear tight shirts, and grim everybody."
771,3,0,3,0,1,"""@MvckFadden: ""Stay beautiful you bitch"""""
772,3,0,3,0,1,"""@NICKIMINAJ: #WutKinda

r purple. Ceeeleee""man this gurl was jus playin on the ""stupid hoe "" track. But in still shitted on sum gurls"
773,3,0,3,0,1,"""@NastyCopper: Money getting taller and bitches getting blurry"""
774,3,1,2,0,1,"""@NewsomeJade: I ain't never seen a bitch so obsessed with they nigga&#128514;"" I'm obsessed with mine &#128529;"
775,3,0,2,1,1,"""@Nicholas_ted33: Kobe stay talking trash. But let's not forget http://t.co/VH4tnEkvTP"" @J_Austin12 I meant to do this one. Smh."
776,3,0,3,0,1,"""@No_FAKINGG: People always asking me what I'm mixed with."" She a bad asian bitch lol"
777,6,0,5,1,1,"""@OfficialReplay: I am lowkey tired."" ...if you tired, be quiet and go to sleep hoe!"
778,3,0,3,0,1,"""@PRAYINGFORHEAD: &#8220;@macklemroe: Stop bringing weird niggers into my mentions! @PRAYINGFORHEAD&#8221; http://t.co/cussDJesRK"""
779,3,0,3,0,1,"""@PRETTyBOSs_BRAt: We don't love these hoes &#128080;&#128581;"""
780,3,0,3,0,1,"""@PatrickQuelo: If yo girl cant have homeboys you a ol weak bitch ass nigga!"""
781,3,0,3,0,1,"""@Patsfanjoe32: @d_palomino52 I think worst advice I gave you was "" don't be a pussy and speed up"" lol"""
782,3,0,3,0,1,"""@PoemsPorn: Quote this tweet with your favorite animal.""pussy"
783,3,0,3,0,1,"""@Poetic_Success: I hate when strippers tell you they're ""dancers"". Hoe, ballet dancers don't pop their pussy to Beethoven. You a STRIPPER!"""
784,3,0,3,0,1,"""@Poffalicious: Andrewbryant: Poff has double vision after 2 beers
Poff: ... Double pussy &#128526;"" smh"
785,3,0,3,0,1,"""@Poobie_: When bitches TWERK on the computer....

ME: ""In ya &#128089;, in ya damn &#128089;&#8252;&#65039;"""""
786,3,0,3,0,1,"""@ProdsJewel_: &#8220;@sreadthepeace: &#8220;@yungmindless: @PeacePunkPrince Prince, THIS is art. http://t.co/EPHRWxMBHr&#8221; nobody takin his bitch!"
787,3,0,3,0,1,"""@QUAN1T0: These bitches don't care they just play that role."""
788,6,0,6,0,1,"""@Queen_Kaaat: It took a while for you to find me, but I was hiding In the lime tree.""
@Iemonaids dis bitch in da wrong tree bro."
789,3,1,2,0,1,"""@ReachtheeCLIMAX: bitches can't cook but know how to suck dick .."" s/o to the ones that can do both!"
790,3,0,3,0,1,"""@RenegadeMo: Fat hoes get chose"" lol"
791,3,0,3,0,1,"""@RiahSM: #hoesaintloyal"" well they're hoes,no one expects them to be loyal"
792,3,0,3,0,1,"""@RishaaWilliams: @TRESHON_SCROOGE @_Nevertrustt ol bitch ass"" http://t.co/AmcOinY0wG"
793,3,1,2,0,1,"""@RnadJorell: Bruh im tired of niggas retweetin Miley Cyrus naked that bitch aint no types of bad"" lmaooo"
794,3,0,3,0,1,"""@SacTownProdigy: Just because tony romo at the mavs game dont mean he still not a bitch lmao.. Fuk them cowgirls"" lol bitch fuck you"
795,3,0,3,0,1,"""@SamJLayman : Holy shit, Freddie Highmore was in Charlie and the Chocolate Factory""
Me: *rolls on the floor, laughing*"
796,3,1,2,0,1,"""@Samirahusic_: ""I don't want to have sex with my gf because I feel like I'm using her.."" - anonymous"" Whata faggot"
797,3,0,3,0,1,"""@SexualGxfs: @ One of your followers with this &#128525;&#128553; http://t.co/F1TJl9xnCT"" @ somebody, bitch if you don't"
798,3,0,3,0,1,"""@Shaa_Jenkins: If ya bitch always bitching clearly she care!"" Or just an annoying Bitch!"
799,3,0,3,0,1,"""@ShanTaughtHer: These catfish hoes thinkin they slick.. But niggas catching on &#128524;"""
800,3,0,3,0,1,"""@SheWentToJordan: Can't worry about a bitch that ain't worried bout me"" #real"
801,3,0,3,0,1,"""@ShowArrive: Side hoes are for insecure niggas that can't handle a real one."""
802,3,0,3,0,1,"""@Shun_stokes: &#128514;&#128514;&#128514;&#128514;RT @bluprint_4: Lmao! This bitch come scooting in the tent like she about to fuck some shit up!"" &#128557;&#128557;&#128557;"
803,3,0,3,0,1,"""@Shun_stokes: My cousin said he share hoes with his brothers. He said sharing is caring and he love his brothers &#128514;"""
804,3,0,3,0,1,"""@SlimGirl_Probz: i'm hungry but ionn wanna spend my money on food&#128530;""Broke hoe problems &#128514;&#128514;&#128514;&#128128;"
805,6,0,6,0,1,"""@SmeegBaby: Dese hoes be LYIN to all of us nigga"""
806,3,0,3,0,1,"""@SnakecharmsDump: http://t.co/4b427dQZCV"" oh yeah fuck that bitch"
807,3,0,3,0,1,"""@StellaTex: Guess what? I also have zero time for your mansplaining! Adios!"" Stfu pussy"
808,3,0,3,0,1,"""@Strap__: I ain't sharing no bitch if you mines you mines &#128175;"""
809,3,0,3,0,1,"""@SukMySweetness: money only impress the simple broke bitches"""
810,3,0,2,1,1,"""@Sylvieamx: #Pisces will never be anybody's bitch, they don't let people control or change them."" Rigghhht"
811,3,0,3,0,1,"""@TayKnosBest: These hoes is crazy"""
812,3,0,3,0,1,"""@Taylorr_Babee: You ain't ever gonna be a slice bitch."" Kevin hart. (:"
813,3,0,3,0,1,"""@ThatniggaTroy: Oomf so fuckin fine tho &#128553; dam"" @ her, don't be no bitch."
814,3,1,2,0,1,"""@TheGamerKingKev: I wonder if the girl that gave head to 24 boys for a drink in magaluf has twitter"" she probly sends nudes for fags"
815,3,0,3,0,1,"""@TheNewSAT: #NewSATQuestions
Yeah bitch, yeah bitch, call me _______:
a.) Maybe
b.) Steve-O
c.) Later
d.) Jesse Pinkman""
@machinegunkelly"
816,3,0,3,0,1,"""@TheNymphoTweets: Hickies in between her thighs right by her pussy &gt;&gt;&gt;"" Its only right"
817,3,0,3,0,1,"""@TheOneMiss_Luu: Would you still love me when I'm no longer young and beautiful?"" No. Ugly monkey ass."
818,3,1,2,0,1,"""@TheRealRickyB21: @JetsAndASwisher @Gook____ y'all come through the front.""bitch I ain't coming"
819,3,1,2,0,1,"""@TheRealRickyB21: @JetsAndASwisher faggot bitch"" http://t.co/2HyyAbk4eH"
820,3,0,3,0,1,"""@The_Realist_Sam: @Madrid2_ yea, I'm on my iPad. I don't work this Friday. Let's ball this faggot up @TropicalBlanket""i work 2-5"
821,3,0,2,1,1,"""@TheoMaxximus: Chrus still supahot tho"" *walks up to teacher with test, drops test in that bitch fohead* http://t.co/nb5VgdssgI"
822,3,0,3,0,1,"""@Thornton25: &#8220;@KantKeepAhBYTCH: I love eating pussy lol I never get full lol&#8221; I can eat that shit forever lol"" and ever."
823,3,0,3,0,1,"""@Tmacc_GFG: &#8220;@VoiceOfDStreetz: ""@Tmacc_GFG: &#8220;@tizzimarie: No slushes &#128549;&#8221;hoes nasty anyway fam""&#128564;&#8221;them hoes taste like meds""&#127815;&#127815;&#127868;"
824,3,0,2,1,1,"""@Tmacc_GFG: &#8220;@tizzimarie: No slushes &#128549;&#8221;hoes nasty anyway fam""&#128564;"
825,3,1,2,0,1,"""@Tmacc_GFG: BOBBY BITCH-by @BobbyShmurdaGS9 be getting me live as fuck"" hell yea i play that hoe before my workout"
826,3,0,3,0,1,"""@TreLeKidd: Yo bitch is Gucci Mane RT @JabariTheGreat : My bitch a stoner &#128175;&#128175; http://t.co/lt9LIJjpg9""&#128514;&#128514;&#128514;&#128514;&#128514;&#128514;"
827,3,0,3,0,1,"""@TweetGameLazy: I can ride your bitch with no handle bars"""
828,3,0,3,0,1,"""@TyJonCuffee: And if you ain't a hoe get up out my traphoussseeeee"""
829,3,0,3,0,1,"""@UnHoly_Jack: These harbor bitches are all ""Party Bus hoes"""" Lol all?"
830,3,0,3,0,1,"""@Vbomb20: @Woodchuck20 pussy"" love it"
831,3,0,3,0,1,"""@VeronikaHumbert: Ultraviolence video, its coming you little bitch! #MTVHottest Lana Del Rey http://t.co/533fLbvWqh"" 

bitchy promo"
832,3,0,3,0,1,"""@VineForTheByrd: On my way to fuck your bitch https://t.co/4lMTFNL2iy""

LMFAO KITTYCOPTER"
833,3,0,3,0,1,"""@WBeezy_: ""@QuaTheGreat: Aww their avis look so cute together &#128145; http://t.co/9lPorCb8w0"" &#128128;&#128128;&#128128;"" do I gotta get Ike avi on this bitch ?"
834,3,0,3,0,1,"""@WBeezy_: ""@Run_DRC: Its simple, dont be a hoe=dont worry about being exposed &#128540;"" fight me""why ?"
835,3,0,3,0,1,"""@WannabeKanye: whys this bitch boosting herself http://t.co/uOd2f5WtKV""

Her size isn't exactly the most healthy tho"
836,3,0,3,0,1,"""@WitHaPrettyface: @_1nonlykeisha bet not be no bitches! &#128514;&#128080;&#128299;&#128299;&#128298;"" &#128514;&#128514; Kim bye!!!"
837,3,0,3,0,1,"""@X_XPDOTJDOT: Damn near gotta protect my tweets.. stalkers being annoying"" you got that dope dick. Drive these bitches loco"
838,3,0,3,0,1,"""@XoJennyGirl: I'm making marack my girlfriend ."" @marackaf aye b you pullin hoes just like o taught you"
839,3,1,2,0,1,"""@XoXo__Angiee: Bruno fag boy"" you love me."
840,3,0,3,0,1,"""@YEHits_Von: &#8220;@Run_DRC: I must be a bitch&#8221; you are &#128514;&#128514;&#128514; sike naw"" This why we always beefing &#128514;"
841,3,0,3,0,1,"""@YoungRicooo: &#8220;@WexicanAfro702: Don't take advantage of a nice person&#8221;@ hoes""@ everyjuan"
842,3,1,2,0,1,"""@YoungRicooo: Happy birthday bitch nigga @WexicanAfro702"" Thanks pal"
843,3,0,3,0,1,"""@YoungRicooo: Sad knowing that most hoes won't fuck with you bc you ain't got stacks."" wait till friday"
844,3,0,3,0,1,"""@YunGMiGo: @Shane_A1 cinco shit harder fucc nigga""yee but you fucc wit rich homie cuz dats ya homeboy fucc nicca"
845,3,0,3,0,1,"""@ZoeBarton3: @h0rheyd ewww I said THAT last Sunday..as in the last Sunday I was there. Read it again nigs""&#128563;&#128563;&#128563;&#128563;&#128563;"
846,4,1,3,0,1,"""@_BaDa_Bing: I only punch real niggas in the face cause a pussy Nigga is gonna punch me right back"" Strong Mush or Shake.."
847,3,0,3,0,1,"""@_BeeDontCare My pussy still fresh"" &lt;----- something stank girls say."
848,4,0,4,0,1,"""@_GeeWillikers_: Ass slapping is one the greatest things. Haha. &#128527;"" I slapped a girl on the ass. . She got mad I aint get pussy for a week"
849,3,0,3,0,1,"""@_TommyCollins: @WeAreRichnow @buffalobills yeah Texans are so much better you fucking retard"" I see that you're mad about this."
850,3,1,2,0,1,"""@__MALIBUbarbie: Nd wtf is up with dark bitches with blonde.. PLEASE HAVE SEVERAL SEATS HOE!"" ..looking like black&amp;milds out here"
851,4,0,4,0,1,"""@__Sugga: There's a lane some bitches need to stay in &#128526;"" the left n get right the fuck outta our face &#128557;&#128129;&#128536;"
852,3,0,3,0,1,"""@__sneakyb: I hate when boys deny that they have bitches &#128080;&#128553;"" smh"
853,3,1,2,0,1,"""@__taradise__: Ya nigs out there still saying y'all don't eat butt?!"" WITH A STRAIGHT FACE!"
854,3,0,3,0,1,"""@__youreWelcome: Im a boss ass bitch"" ...that needs to sit in a corner"
855,3,0,3,0,1,"""@_iwantfranny: He's a hoe , I can't"""
856,3,0,3,0,1,"""@_prettyflvck0: Me And Paul Thinkin Bout Gettin Rentals For Da Weekend &#128665;&#128168;&#128168;""oooh shit bitches betta stay out da streets"
857,6,0,6,0,1,"""@_rapdreams: bitches hold they nigga down when he get locked up... but if a nigga go to college or the military it's a different story. &#128564;"""
858,3,1,2,0,1,"""@_simplycaitlin: why do my friends hate me"" because you a ratchet hoe.."
859,3,1,2,0,1,"""@adriwadrri: No love for these fuck niggas"" hoes*"
860,3,0,3,0,1,"""@airmaxlad1: Hot meat http://t.co/BRz8Imk5vK"" sexy as fuck scally lad. I would love to meet him and his trainers."
861,3,0,3,0,1,"""@airmaxlad1: Sniff http://t.co/FHHbBRMYBN"" perved up scally lad. fuck yeah."
862,3,0,3,0,1,"""@alejandra_p13: These bitches love Sosa"""
863,4,0,3,1,1,"""@alexissixela__: &#8220;@white_thunduh: I legit watched it for about 30 or 40 seconds &#128529;&#8221;SO DID I WTF"" prob cause were retarded smh"
864,3,0,3,0,1,"""@allisonnamaya_: What should I name my cat, ideas?"" Mr pussy"
865,3,0,2,1,1,"""@altosteel115: http://t.co/tM28mh5XG2"" woof woof. Sexy thug boy scally."
866,3,0,3,0,1,"""@ambitiousBree: @_1nonlykeisha u see the damn phone ringing? &#128547;&#128530;&#128542;"" when you married bitches makes demands!!!! You haven't called me"
867,3,0,3,0,1,"""@analicialouise: Tevin is my favorite sophomore I think he's so funny"" Hes really not. Lmaoo hes a little hoe"
868,3,0,3,0,1,"""@angelenagoley: 10 sex positions http://t.co/nt3PABMWsm http://t.co/JmHZ8Sczf0""naw this what u call fucking the soul outta bitch &#128557;"
869,3,0,3,0,1,"""@babineaux_: I don't got no type. Bad bitches is the only thing I like"" *Iongotnotype"
870,3,0,3,0,1,"""@bleedingtrap: god teeth , gold chain
white bitches , cocaine"""
871,3,1,2,0,1,"""@cheetahBluntz_: Its me hoe, its me hoe&#128129;"" shhhhh"
872,3,0,3,0,1,"""@chieflottahoes: In D.C., we call them rollers, in Chiraq we call them thots."" All across America they have been known as a hoe."
873,3,0,3,0,1,"""@clayton_jenn99: I'm gonna miss that bitch of a bus driver...""no you won't. Don't lie"
874,3,0,3,0,1,"""@coltforty2Gone: hate when bitches try and put you in the friendzone. bitch I'm tryin to score put me in the endzone &#128293;&#128293;&#128293;"" ON. MY. SOUL!"
875,3,0,3,0,1,"""@datFullerkid: @TreVaughnLG yall both gimped up??"" Ain't tht a bitch huh lol"
876,3,1,2,0,1,"""@demi_eggleton: oh my god I love Victoria Mitchell"" all my bitches love me"
877,3,0,3,0,1,"""@djsliime: That long distance shit wack I knew the bitch was cheating""- uh oh"
878,3,0,3,0,1,"""@fIirting: HE'S DOING IT RIGHT &#128525;&#128120;&#128158; http://t.co/JZKkiVUVjC"" no bitches smh"
879,3,0,3,0,1,"""@fatboyswagg347: they BAN dat pussy for life &amp; he gotta pay 2.5 millon dollar fine"""
880,3,1,2,0,1,"""@fuckcamoclark: Roses are red and violets are blue and niggers are black, you know that's true."" @dylan72892"
881,3,0,3,0,1,"""@glowstruck: But a nigga gon be a nigga, be a nigga."" You sound fuckin retarded"
882,3,0,3,0,1,"""@gurl_Im_Angie: @ItsKiaraaaa @WestYourMajesty I'm not even shy stfu"" kikis mom: Hi angelique 
Angelique: Smiles *Dips cracker in soup*"
883,3,0,3,0,1,"""@haitian__goLd: Tim Tebow got cut from every team he was on in the NFL and he already got more hoes than me in Starkville. Smh."" &#128514;&#128514;&#128514;&#128514;"
884,3,0,3,0,1,"""@hazelebaby: Karma is a bitch #Damn #GodProtectsHisAngels &#128588;""

*sips tea*"
885,3,0,3,0,1,"""@hornyjhb: Fuckin hot gym pussy http://t.co/ZVYmcXQuTA"" fuck yeah"
886,3,0,2,1,1,"""@iAMPickUpLines: You can call me Fireman cause I turn the hoes on."""
887,3,0,3,0,1,"""@iCrawley: I could never have a bby by a lil dick Thts y I got a abortion by the last bitch""- oh My God"
888,3,0,3,0,1,"""@iDntWearCondoms: Watch women try to argue with me like they have a dick and actually fucked some pussy before"" I hate when bitches do that"
889,3,0,3,0,1,"""@iLGDaily: And smoke weed in public, fuck cops man, do what you wanna do, they don't own you, run if they come"" are you retarded?"
890,3,0,3,0,1,"""@irlfatty: my pussy sweet like watermelon http://t.co/SKlPh3TtoG""

Thotermelon"
891,3,0,3,0,1,"""@jSadass: loud bitches annoy me"""
892,4,0,4,0,1,"""@jacaxeltlu: Eventually every bitch turns into that hoe."" # Truuu"
893,3,0,3,0,1,"""@jaimescudi_: ""@Tonybthrz_: ""@jaimescudi_: I swear if oomf try talking to me tomorrow.."" @"" @BarackObama"" pussy"
894,3,0,3,0,1,"""@jama_jam: You bitches be pretending to be TF crazy.."" You ain't never lied..."
895,4,0,3,1,1,"""@jasmyncyniquee: @white_thunduh k bye hoe"" um bye .."
896,3,1,2,0,1,"""@jboii2: ima keep on giving these pussy ass niggas ah reason to hate !"""
897,3,0,3,0,1,"""@juicyyyjayyyy: Side bitch Sunday &#128514;&#128514;&#128514;"" &#128514;&#128514;&#128514;"
898,3,0,3,0,1,"""@k_eazy26: Facts what baldheaded bitch made this shit. &#128074;&#128074;&#128555;&#128530; http://t.co/fDYojpT9Xg""

Lmao &#128553;&#128514;"
899,3,0,3,0,1,"""@kayreneeee_: Fuck wit us and then we tweakin hoe"" shmurda!"
900,3,0,3,0,1,"""@kikiSTFU: I'll break that lil bitch neck and won't even feel sorry about it"" Savage"
901,3,0,3,0,1,"""@leikant: This is so fucking hot!! #scally #sneakersex #sockfetish #sniff #trainersex http://t.co/TubivxbxcO"" love me some kinky scallies"